data,Cloud_cover,Wind_speed,Temperature,Pressure,Precipitation,Season,comp_0,comp_1,comp_2,comp_3,comp_4
2019-01-01,7.333333333333333,5.625,2.5499999999999994,988.3708333333334,0.09166666666666667,4,1.709406652816122,-1.0041300283137795,-0.4104417995284656,0.8990359030146171,-0.12412939750749813
2019-01-02,7.833333333333333,6.875,0.3791666666666668,983.7083333333334,0.19583333333333333,4,2.7187711706202498,-0.7696069389675143,-0.7388834353801658,1.2076122180719513,0.26498230323038374
2019-01-03,6.958333333333333,5.708333333333333,-2.6625,993.5208333333334,0.024999999999999998,4,1.501121483023759,-1.910966244755123,-0.20230091766375427,1.1128889059036216,0.04612188774545659
2019-01-04,7.583333333333333,4.25,-3.2250000000000014,995.8249999999999,0.016666666666666666,4,1.1758462131067164,-2.001402343299236,0.5740835284767304,0.6058614569142821,-0.33465763217290756
2019-01-05,7.791666666666667,5.166666666666667,0.7083333333333334,984.4333333333333,0.2041666666666667,4,2.189997506195025,-0.6037168151583732,0.01822219000482085,0.5686991088025024,0.1257008333787196
2019-01-06,7.875,4.0,-2.9541666666666657,992.3291666666668,0.016666666666666666,4,1.3575346139581899,-1.7771787780158037,0.5229422195086325,0.21807495177830827,-0.3281389565825434
2019-01-07,6.291666666666667,1.625,-5.745833333333334,998.4541666666665,0.0,4,0.018614037628990904,-2.1245705122546203,1.7453428616716156,-0.30151443075528855,-0.03383639806339122
2019-01-08,7.5,1.6666666666666667,-2.8166666666666664,978.5916666666667,0.16666666666666666,4,1.5308886820900247,-0.37134839544630827,1.212700642342536,-1.4869748217828636,0.40176199914281674
2019-01-09,7.833333333333333,1.5833333333333333,0.22499999999999998,973.7333333333331,0.07916666666666666,4,1.5648813335664473,-0.10223671526874682,0.6725779710768551,-2.0372425756125336,0.1561829524467875
2019-01-10,8.0,2.0416666666666665,-2.9124999999999996,985.8375,0.08333333333333333,4,1.2845138252817205,-1.0620295302821257,1.2225610772277469,-0.9774868386411131,-0.1489243810886723
2019-01-11,7.5,3.375,-5.0875,988.3499999999999,0.012499999999999999,4,1.3695671335533255,-1.6851402621292804,0.6334490534128452,-0.3788154730176247,0.05159298589983654
2019-01-12,7.625,5.583333333333333,0.7874999999999998,981.1333333333332,0.05000000000000001,4,2.1694237447936535,-0.8870467690407055,-0.7648995864104619,0.18483932640274456,0.12013770539587293
2019-01-13,7.791666666666667,5.541666666666667,2.141666666666667,969.7999999999997,0.15000000000000002,4,2.881784094073894,0.12562115548075622,-1.0600474939577151,-0.481747605987965,0.5712636888782903
2019-01-14,6.583333333333333,8.5,0.5041666666666665,966.0749999999999,0.24999999999999997,4,3.78019427848737,0.254835157248608,-2.239174689839523,0.7320762301472137,1.5831928753738793
2019-01-15,7.416666666666667,8.083333333333334,-0.6541666666666666,977.65,0.10416666666666667,4,3.1407455534734745,-0.881277599688915,-1.789821454089804,1.0686962553128538,0.6705526422398443
2019-01-16,7.416666666666667,5.833333333333333,2.2875,979.5791666666665,0.37916666666666665,4,2.7211060949333055,0.24687709913675043,-0.10485910323099887,0.8936336714007149,0.6408209806778111
2019-01-17,6.541666666666667,3.25,3.0499999999999994,976.1499999999997,0.0,4,1.2584556030993026,-0.31775175991462673,-0.3548846935923417,-1.1717482116501585,0.31840409654636204
2019-01-18,6.875,5.083333333333333,1.3125,984.2875,0.09166666666666667,4,1.6889529695151086,-0.8225339326413929,-0.37173708841007413,0.36114312500561113,0.2417856943873475
2019-01-19,2.25,1.4583333333333333,-3.229166666666666,991.9541666666665,0.0,4,-1.0204433386210576,-1.3910459289399624,1.0478686443098388,-0.5614270244378495,1.4410399809372334
2019-01-20,5.208333333333333,1.2083333333333333,-4.645833333333334,988.9791666666666,0.0,4,0.009027600057457731,-1.438726399490409,1.3207540694753837,-1.1144836996433245,0.6207808993294265
2019-01-21,6.708333333333333,0.75,-7.8208333333333355,992.9083333333333,0.0,4,0.2799383175964889,-1.938036425267941,1.9619975501395899,-1.1656362375806752,0.12268950286264661
2019-01-22,7.416666666666667,2.5416666666666665,-7.108333333333332,985.7125,0.0,4,1.3229023795322814,-1.6724532754777062,0.89385996219182,-0.9941890809057785,0.2439769601674502
2019-01-23,8.0,5.791666666666667,-5.154166666666668,977.35,0.0,4,2.73574733105549,-1.3627348361204397,-0.902889485807576,-0.26406898553150465,0.47265311278694905
2019-01-24,8.0,6.708333333333333,-6.041666666666668,980.6708333333335,0.0,4,2.865612549822753,-1.7002221947043998,-1.089316106968582,0.36059637845853626,0.45790285333865033
2019-01-25,7.916666666666667,3.6666666666666665,-5.420833333333333,982.9208333333335,0.025000000000000005,4,1.8875366766212736,-1.4247320429927002,0.3315439935935872,-0.6809483310366874,0.18653007412499406
2019-01-26,7.958333333333333,2.0833333333333335,-3.2624999999999997,977.8958333333335,0.008333333333333333,4,1.5821987164530462,-0.8760689293032052,0.6198901388674327,-1.7298438116659807,0.10480016904763148
2019-01-27,7.0,1.9583333333333333,0.6041666666666666,970.1624999999999,0.0,4,1.456061350991007,-0.10333772974428042,0.03340432826383384,-2.2558034517723016,0.47450658312253596
2019-01-28,7.083333333333333,1.7916666666666667,-0.09583333333333328,967.370833333333,0.24166666666666667,4,2.0041003838417137,0.6875909377824574,0.6776964059905934,-2.0613495520705536,0.9356106663698753
2019-01-29,5.5,2.2083333333333335,-0.17083333333333325,975.2125000000001,0.0,4,0.8601802184498337,-0.40969136758062347,0.0761834549213467,-1.6807446268654178,0.8527523920404205
2019-01-30,6.541666666666667,2.4583333333333335,-0.2833333333333334,974.7374999999998,0.0,4,1.269410056295356,-0.4547111475089209,0.042910541103624716,-1.6810522098005765,0.5384824575731447
2019-01-31,4.541666666666667,1.125,-0.12499999999999993,974.7125000000001,0.0,4,0.2957180917307405,-0.24640959830016185,0.4209383998043301,-2.1138918339692103,1.1260705476003627
2019-02-01,4.666666666666667,3.2916666666666665,0.33750000000000013,973.5958333333334,0.004166666666666667,4,0.9795664062948539,-0.3319007036846711,-0.5371325354031393,-1.2754034811902157,1.249710428200737
2019-02-02,6.083333333333333,3.25,6.9750000000000005,971.5916666666667,0.0,4,1.1652502105474054,0.2814154737072818,-0.7751524656059701,-1.414562023558876,0.404872827901646
2019-02-03,7.458333333333333,3.0416666666666665,3.308333333333333,978.5041666666666,0.0625,4,1.4426683771363553,-0.2615995637179532,0.09014612794605133,-1.0034669478476892,-0.03326386306183829
2019-02-04,7.541666666666667,4.0,0.4083333333333332,997.1833333333335,0.07083333333333333,4,0.9381580236086691,-1.5876774351590488,0.7454245305582411,0.7917663327255475,-0.5508668959238472
2019-02-05,2.6666666666666665,2.25,0.041666666666666595,998.9708333333332,0.0,4,-1.1895086759460043,-1.5793143157462097,0.9612532022066406,0.350849002321437,0.8559646394756895
2019-02-06,4.416666666666667,2.0,-0.4416666666666667,999.066666666667,0.0,4,-0.7204948711098987,-1.6689736550385852,1.2413692946231238,0.13038886068254382,0.26601353385076587
2019-02-07,3.7083333333333335,1.2083333333333333,-0.7624999999999998,990.0333333333332,0.0,4,-0.677456957702362,-1.108879686245701,1.085244528942993,-0.8593851144328486,0.8411061284471383
2019-02-08,3.625,1.7083333333333333,0.10833333333333355,990.6333333333333,0.0,4,-0.6349455800287418,-1.1085987565326292,0.8625698079736523,-0.57944198721529,0.8225984784769433
2019-02-09,4.458333333333333,1.7083333333333333,0.6083333333333337,985.8208333333332,0.0,4,-0.16635889271965287,-0.8358605102129176,0.6801802885233742,-0.9932694134285682,0.6982380817429171
2019-02-10,4.791666666666667,1.9166666666666667,4.454166666666667,980.0291666666667,0.0,4,0.10063693942887254,-0.2246315677911743,0.1842494581223753,-1.2955469800761232,0.581867784601718
2019-02-11,7.166666666666667,5.5,3.966666666666667,976.1750000000001,0.11666666666666665,4,2.217880912167983,-0.13271101693712284,-0.9533881435430671,-0.0011777218536102021,0.36012696828918006
2019-02-12,6.625,6.208333333333333,1.3333333333333333,992.0625,0.016666666666666666,4,1.4101105110745005,-1.546942709083429,-0.6964961723842119,1.2957353594302503,-0.018168753088442954
2019-02-13,7.458333333333333,6.083333333333333,1.7708333333333333,1001.0708333333336,0.0,4,1.1166325486143336,-2.066282623350188,-0.19812641767240957,1.856517013604892,-0.7279761288865492
2019-02-14,6.666666666666667,4.166666666666667,5.225,1004.2166666666667,0.0,4,0.01959895827906925,-1.7426237274381686,0.5494399090298098,1.4092674053018408,-0.936091407820952
2019-02-15,5.833333333333333,2.5833333333333335,4.716666666666668,1003.6500000000002,0.004166666666666667,4,-0.6105397224735392,-1.5713056985944274,1.1452308300973744,0.7494325290824013,-0.6947159435645508
2019-02-16,0.875,2.375,4.104166666666667,999.7541666666666,0.0,4,-1.922659611590716,-1.219693645210353,0.6277639561608511,0.6602320039851417,1.1840957965488264
2019-02-17,1.25,1.875,4.508333333333334,996.6124999999998,0.0,4,-1.8104554549668077,-0.9842214971179608,0.7003606772607243,0.19145001603635697,1.1222741984633047
2019-02-18,2.1666666666666665,1.0416666666666667,4.120833333333333,993.3916666666669,0.0,4,-1.5881784051356642,-0.8025438690031113,0.9875576110089985,-0.47478909336842157,0.9067027060876025
2019-02-19,1.9583333333333333,2.75,4.670833333333333,988.3250000000002,0.0,4,-0.9416151682240181,-0.624700713102714,-0.014700652483006199,-0.11898293296010948,1.2616823611050751
2019-02-20,6.708333333333333,4.833333333333333,5.445833333333334,991.6791666666664,0.024999999999999998,4,0.8860902516069653,-1.0327749653394158,-0.27528794400614853,0.779692378766789,-0.3787581715754308
2019-02-21,7.625,5.625,5.95,994.0083333333336,0.0625,4,1.2983550942887772,-1.1143581923082007,-0.330053363476363,1.3214705482727598,-0.7136390381819472
2019-02-22,3.5833333333333335,5.583333333333333,-0.04583333333333369,1001.3833333333331,0.19583333333333333,4,0.2152981256178868,-1.4916171538008802,0.3120759478851909,2.28696549917084,0.9515688917285067
2019-02-23,3.625,2.0,-3.7874999999999996,1013.3958333333331,0.0,4,-1.5238886832897907,-2.702552460494426,2.005575136227111,1.2167460776127104,0.1768959396377545
2019-02-24,7.083333333333333,3.75,-0.5416666666666669,1008.4041666666667,0.0,4,0.09142333770085133,-2.439984992849557,1.1971347144624154,1.4136255574829155,-0.901792509155495
2019-02-25,5.666666666666667,4.458333333333333,5.429166666666667,1003.6500000000001,0.0,4,-0.17733482176529425,-1.6829671406275306,0.3050592221778272,1.5572509838973925,-0.5636550237697298
2019-02-26,4.25,4.791666666666667,6.550000000000001,997.5916666666666,0.0,4,-0.25131197770370084,-1.2351040410793264,-0.29705918077053994,1.3455398499202655,0.11661199594931765
2019-02-27,2.0833333333333335,3.9583333333333335,3.7833333333333337,995.5333333333333,0.0,4,-0.890815486066163,-1.20389977128578,-0.12335074128899527,0.9197599538647218,1.0668290055179013
2019-02-28,3.0833333333333335,6.708333333333333,9.020833333333332,979.9375,0.0,4,0.7162933929090849,-0.19272417398518296,-2.159532809394568,0.9211302894025041,1.197581805567999
2019-03-01,5.125,3.9166666666666665,4.1125,980.6625000000003,0.0,1,0.742748714502203,-0.47850356328199334,-0.5799566679706695,-0.43086336998122526,0.5984885832848733
2019-03-02,4.875,1.9583333333333333,0.5333333333333333,986.8291666666668,0.0,1,-0.02026820644472615,-0.9348361151345885,0.663563469489996,-0.838503048217391,0.5362230735818833
2019-03-03,6.75,3.1666666666666665,5.6125,983.016666666667,0.0,1,0.8246618422319402,-0.47261662874925414,-0.07164849653729335,-0.6410818016221715,-0.20195151018103574
2019-03-04,6.75,4.208333333333333,10.570833333333335,972.3291666666669,0.0,1,1.4208508460354736,0.4376211580352977,-1.2286264147686679,-0.9245046067906618,-0.022632663443056065
2019-03-05,6.0,7.708333333333333,6.020833333333333,976.466666666667,0.029166666666666664,1,2.2315194578302338,-0.37508679999905764,-2.292362025199754,0.8888995907770578,0.639753882006543
2019-03-06,4.833333333333333,3.8333333333333335,5.708333333333333,985.4708333333333,0.13333333333333333,1,0.5288885029264496,-0.20607201092545524,-0.02863509294705309,0.22962567607688425,0.5846743274408147
2019-03-07,5.875,3.4166666666666665,8.958333333333332,976.6208333333333,0.0,1,0.7986838276170287,0.17032869434145245,-0.6985685327080209,-0.9044229776021903,0.15602752487974927
2019-03-08,4.666666666666667,6.666666666666667,9.983333333333334,982.7666666666669,0.016666666666666666,1,1.0125760227846607,-0.27247945352487435,-1.8600850790138717,1.0728154947625888,0.4984120434594532
2019-03-09,6.25,5.916666666666667,7.116666666666666,983.5375,0.0,1,1.3454180322711426,-0.5985919882659336,-1.3021635531024103,0.622002923738098,0.035851813660406594
2019-03-10,6.541666666666667,7.833333333333333,6.645833333333335,976.716666666667,0.2416666666666667,1,2.731370636398048,0.23755214737389396,-1.7177281291979567,1.3771349379579132,0.7130970468585877
2019-03-11,6.416666666666667,8.625,3.9458333333333333,980.6708333333332,0.1625,1,2.714954394525737,-0.49813996963781537,-1.9794551971874637,1.8062276982711487,0.7125987918775512
2019-03-12,4.291666666666667,4.375,2.141666666666667,989.2708333333335,0.020833333333333332,1,0.31384917842123916,-1.0642189381389515,-0.28713749732415345,0.4820614605821612,0.7255515709972347
2019-03-13,6.375,2.5416666666666665,3.241666666666667,981.3249999999998,0.0,1,0.738562313209643,-0.5131795081108073,0.1713988918112569,-1.0581658674238723,0.10683908543218204
2019-03-14,6.291666666666667,4.083333333333333,5.237499999999999,976.4291666666667,0.04583333333333334,1,1.3722836304513342,-0.08090253438810295,-0.6725052021604286,-0.6441743171082582,0.37203033041325223
2019-03-15,7.083333333333333,6.041666666666667,6.3500000000000005,972.7750000000001,0.075,1,2.334794874837301,0.09146285016056019,-1.5656942136967027,-0.06714786899121489,0.3484900218085851
2019-03-16,7.416666666666667,8.083333333333334,7.004166666666666,977.0374999999999,0.125,1,2.8376248005482454,-0.13611386925584118,-2.0714928025676467,1.217332842408834,0.22784973584831603
2019-03-17,4.375,2.375,11.095833333333331,977.0583333333335,0.004166666666666667,1,-0.05670835273924273,0.48937755916934633,-0.4454927433764357,-1.1626847823896078,0.4504264400854381
2019-03-18,6.791666666666667,4.416666666666667,6.125,985.3083333333335,0.06666666666666667,1,1.1538072999340958,-0.4765199154297447,-0.3146889477683443,0.2079878065944984,-0.1633524967567512
2019-03-19,3.0,2.875,3.3958333333333326,995.6083333333335,0.0,1,-0.9060175121337654,-1.178949662811286,0.42890118657802334,0.4014881514247387,0.7015214566373837
2019-03-20,1.4166666666666667,1.7083333333333333,2.4708333333333337,1003.5458333333331,0.0,1,-2.062121381291449,-1.5257543557772055,1.204370309356739,0.6030045762224712,0.9064350333713334
2019-03-21,6.0,2.7083333333333335,4.816666666666667,1004.6666666666666,0.0,1,-0.5893618212634474,-1.6471945470256735,1.141056511725751,0.8630583218299639,-0.7969281004864
2019-03-22,7.125,2.0833333333333335,8.987500000000002,1003.1166666666664,0.0,1,-0.5510901389389082,-1.1941021946716217,1.2557449548618562,0.49077494538648114,-1.4331977682546753
2019-03-23,2.9166666666666665,1.7916666666666667,8.191666666666666,997.9458333333332,0.0,1,-1.5829623471682894,-0.7976917500386496,0.7949963247733078,0.22499265173589095,0.25182752813312415
2019-03-24,6.083333333333333,2.4166666666666665,9.070833333333331,992.9458333333333,0.0,1,-0.254472295334339,-0.6253840145283032,0.5279431568836789,-0.0820817687949174,-0.6484403543617586
2019-03-25,7.125,3.875,5.7749999999999995,984.5208333333335,0.0375,1,1.1109316858791436,-0.5108336216909354,-0.16461166568919644,-0.16987831046154683,-0.30106968974398046
2019-03-26,7.083333333333333,6.375,4.841666666666668,991.2416666666664,0.020833333333333332,1,1.4728386492471401,-1.2235148115441987,-0.8970387644458838,1.3520217274662443,-0.35292553962121365
2019-03-27,1.0,3.375,3.391666666666667,998.7791666666666,0.0,1,-1.5222525504414883,-1.321094393523956,0.2011480906867452,0.9851048022697054,1.2939559968064267
2019-03-28,5.625,2.625,5.483333333333334,1001.3041666666662,0.016666666666666666,1,-0.5580245714618002,-1.3389491829519304,0.9995165755633534,0.6410976015883076,-0.5578075326605885
2019-03-29,5.5,2.375,5.762499999999999,1002.3874999999999,0.0,1,-0.7607556562929967,-1.3944678105536352,1.0882925661130036,0.5981025872455443,-0.617162881114228
2019-03-30,2.7083333333333335,0.625,8.429166666666667,995.5333333333334,0.0,1,-1.8595798343894034,-0.5348871173640788,1.1386382651770388,-0.4348911262683494,0.3268260875332444
2019-03-31,2.0,2.9583333333333335,10.520833333333334,990.8458333333334,0.0,1,-1.2805346503055077,-0.28312477605351716,-0.21254516691128952,0.2768415834820346,0.7800854982997671
2019-04-01,1.7916666666666667,5.541666666666667,6.754166666666667,996.2458333333334,0.0,1,-0.7143100438631401,-1.1193205015661076,-0.8972923749500489,1.7209507094434977,1.0518180417610146
2019-04-02,0.7083333333333334,5.708333333333333,7.249999999999999,990.475,0.0,1,-0.7202785364684651,-0.7379845539365023,-1.3615204604624112,1.427074288956843,1.6354367563159486
2019-04-03,4.416666666666667,4.291666666666667,10.295833333333333,982.4041666666667,0.0,1,0.25092646455425555,-0.05296380175216363,-0.9637994955735708,0.03031686654369547,0.3953098929122459
2019-04-04,4.583333333333333,3.5,12.199999999999998,978.4458333333332,0.0,1,0.18909211116843516,0.3884255506068212,-0.8875023827776869,-0.5810689099909254,0.3209950581187802
2019-04-05,3.7916666666666665,3.5,13.458333333333334,978.8208333333336,0.0,1,-0.12594911092191857,0.5049317854640029,-0.9885916175297411,-0.47616344827506546,0.4959360959700428
2019-04-06,6.583333333333333,3.7083333333333335,9.220833333333333,979.5999999999999,0.2833333333333333,1,1.3888180156340861,0.784266518322009,0.16589216810273907,-0.00766477002611825,0.19731019427185922
2019-04-07,4.291666666666667,2.2083333333333335,8.783333333333333,979.6750000000001,0.07083333333333333,1,-0.041214375469010946,0.357758468556064,0.024181731998992474,-0.9349207076068332,0.6069381779400472
2019-04-08,1.8333333333333333,2.3333333333333335,10.6875,979.9291666666664,0.0,1,-0.9574797815045076,0.38568143950075034,-0.5030440926385733,-0.8125827920679164,1.2247912033007091
2019-04-09,3.9166666666666665,3.5416666666666665,11.770833333333334,980.8041666666667,0.0,1,-0.09686393189460475,0.24504072619738962,-0.8304336130637051,-0.34773128168057377,0.48534167659355604
2019-04-10,5.916666666666667,5.25,6.662499999999998,984.9250000000001,0.0,1,1.0112922492604592,-0.6408654945610905,-0.9658526608870479,0.45970816611798876,0.078967875569634
2019-04-11,8.0,3.375,4.291666666666667,989.5708333333337,0.0,1,0.9847954205053039,-1.00638763207451,0.3214290900935786,-0.15584357365474621,-0.7956334309789737
2019-04-12,8.0,3.5416666666666665,2.733333333333333,991.9416666666666,0.13333333333333333,1,1.2031750280450664,-0.9035561316688197,0.8023461155498188,0.3410112901813679,-0.5897593298061382
2019-04-13,7.916666666666667,2.625,3.6791666666666667,990.9041666666667,0.09999999999999999,1,0.8752155520887659,-0.7767621052866545,0.9972291711209904,-0.17031145889190838,-0.689583090778118
2019-04-14,5.083333333333333,4.958333333333333,7.516666666666668,991.4208333333336,0.0,1,0.31048614798972585,-0.8636622971736007,-0.6342310086524743,0.9068978676026483,0.02795647633777257
2019-04-15,0.5416666666666666,3.5,6.199999999999999,995.1958333333336,0.0,1,-1.5764315180115656,-0.8811517817277561,-0.178829489626622,0.8477766236080718,1.4219619204173517
2019-04-16,2.3333333333333335,4.125,6.858333333333333,994.5916666666667,0.0,1,-0.8698636359767837,-0.914892106683447,-0.34186057713764956,0.9629208801904556,0.8306601152224623
2019-04-17,5.375,1.2916666666666667,8.7625,996.5625,0.0,1,-0.9485735369779456,-0.7214709623632954,1.1263687338746897,-0.23934350086486528,-0.6067901385954354
2019-04-18,0.9166666666666666,3.1666666666666665,10.379166666666665,1000.870833333333,0.0,1,-2.047625720747163,-0.8175364126021499,0.10008420438498218,1.202769970808073,0.7707571307266703
2019-04-19,0.0,2.1666666666666665,11.708333333333336,1001.7166666666666,0.0,1,-2.7065759711959756,-0.6269370975017632,0.42705948038246183,0.9312270625164192,0.8978124428150578
2019-04-20,2.25,2.625,12.175000000000002,998.6875000000003,0.0,1,-1.7776935826153932,-0.5476652666817573,0.26320543310116845,0.7561704920994058,0.2482459445009961
2019-04-21,1.7083333333333333,2.3333333333333335,10.85,992.6875,0.0,1,-1.6513940657817805,-0.2885681075877068,0.10029775155378909,0.1800081773777367,0.7425496327994532
2019-04-22,4.0,5.708333333333333,10.800000000000002,988.9708333333334,0.012500000000000002,1,0.18493121703755624,-0.44142657037409627,-1.2591554816031858,1.19607846351935,0.3536805081869508
2019-04-23,4.5,7.0,12.570833333333333,987.8541666666669,0.0,1,0.6457627690178982,-0.39902864297769314,-1.917862654094485,1.6327586893982915,0.1812602712819505
2019-04-24,5.166666666666667,4.375,14.245833333333332,986.6791666666668,0.0,1,0.08990051574326044,0.016045510918641197,-0.8858351490975237,0.4248017786428495,-0.2852654111650739
2019-04-25,2.7083333333333335,2.9166666666666665,18.212500000000002,985.8666666666668,0.0,1,-1.1981035564255453,0.6199337640258143,-0.6875401467912156,-0.015911471364563643,0.23586750573247084
2019-04-26,5.291666666666667,2.5833333333333335,19.208333333333332,982.1583333333333,0.0,1,-0.3821545939684276,0.8391184337972071,-0.5454949297984601,-0.5882912269635863,-0.5882550470986816
2019-04-27,7.666666666666667,4.333333333333333,12.433333333333332,983.3625000000001,0.012499999999999999,1,1.0980556488220126,-0.01264144043821888,-0.7054953590701646,-0.019177508124724,-0.877008315649431
2019-04-28,8.0,4.125,9.825,985.0749999999999,1.0041666666666667,1,2.7947506570880307,2.4984024926673607,2.368354347766298,1.99813570643016,0.5017678914063867
2019-04-29,8.0,3.0416666666666665,10.025,983.1708333333335,0.8500000000000001,1,2.327875581669742,2.2767544542267184,2.290884598644326,1.080132914374922,0.2740557932479897
2019-04-30,7.5,2.75,11.216666666666667,981.8291666666664,0.5625,1,1.6396969481680466,1.678179339953047,1.453584480627959,0.3163122726348339,-0.005056354811697875
2019-05-01,3.25,4.333333333333333,12.183333333333335,979.8249999999999,0.0,1,-0.044004878644701866,0.28790207759271236,-1.2839331081785723,-0.037717913360533525,0.7800882808294703
2019-05-02,4.458333333333333,5.625,14.041666666666666,976.8958333333334,0.012499999999999999,1,0.7562584528095703,0.48076229026837836,-1.9033686435471482,0.2673044549241264,0.4674465061918436
2019-05-03,7.0,2.4583333333333335,9.116666666666667,978.3041666666667,0.0,1,0.7723165107335016,0.13554744270710128,-0.124520846228006,-1.24875066713585,-0.37267728058436694
2019-05-04,6.166666666666667,2.2083333333333335,10.674999999999999,977.5,0.0,1,0.420588248565633,0.3654444280213441,-0.19401783328338057,-1.3314052030003087,-0.1721422034108454
2019-05-05,8.0,3.375,6.070833333333334,982.3125000000001,0.125,1,1.4723000904435988,-0.10514143050072053,0.2452872245692333,-0.4206032799652493,-0.44097410086425726
2019-05-06,8.0,3.6666666666666665,7.958333333333332,984.4833333333335,0.004166666666666667,1,1.1555269890252744,-0.43174951687783836,-0.18505340856956531,-0.3422968478278071,-0.8028579515241293
2019-05-07,5.666666666666667,4.208333333333333,8.5,987.4916666666668,0.0,1,0.4270141117549104,-0.5216331418264801,-0.500691319153152,0.2701542647166807,-0.1279916080145388
2019-05-08,3.5833333333333335,2.75,9.941666666666668,985.1291666666667,0.0,1,-0.5492034602909625,-0.06280059418317643,-0.24318851125834212,-0.3642783180383072,0.49080195086269085
2019-05-09,7.791666666666667,1.7083333333333333,8.883333333333335,977.0416666666666,0.2041666666666667,1,1.2066796253491923,0.801935552308204,0.7760757935703023,-1.2966210577254862,-0.3390614413514922
2019-05-10,5.5,2.7916666666666665,11.741666666666665,979.7625000000002,0.07083333333333333,1,0.3344393610810547,0.5080101892174923,-0.23125455097595726,-0.700739500481512,0.03590272666714042
2019-05-11,5.625,2.875,14.800000000000002,984.3125,0.0,1,-0.09911859869044794,0.3080434637217604,-0.3555829333421713,-0.40886674615836094,-0.4838843601171935
2019-05-12,7.375,3.9583333333333335,11.775,991.7499999999997,0.024999999999999998,1,0.5319743727974864,-0.44436595723842903,-0.10401002621345742,0.4990976696094891,-1.0799497922223116
2019-05-13,7.875,3.1666666666666665,7.504166666666666,1001.1083333333331,0.14166666666666666,1,0.3791743610208823,-0.9329949114144072,1.2247079544369823,1.0081676958858572,-1.2395554306527596
2019-05-14,7.916666666666667,2.6666666666666665,6.025000000000001,995.7791666666667,0.5708333333333333,1,1.2940433912132459,0.49376903833263924,2.436626561988579,1.2409271360983414,-0.36761123768865367
2019-05-15,8.0,0.9166666666666666,8.9375,988.1375000000002,0.3666666666666667,1,0.745543465665299,0.7288093199675316,2.1170093510196626,-0.4542645838564766,-0.6842695345246934
2019-05-16,7.125,2.1666666666666665,12.662500000000001,985.1750000000001,0.10416666666666667,1,0.3779368246165326,0.3821530998607026,0.49001375855773516,-0.5657058256266629,-0.7946157740470959
2019-05-17,5.041666666666667,2.375,14.5,983.3625000000001,0.05833333333333333,1,-0.25441579400345327,0.5662656565224466,-0.06776306121672529,-0.5410136625277273,-0.17671874194143247
2019-05-18,4.708333333333333,2.125,15.633333333333335,981.5666666666666,0.0,1,-0.48170057460337584,0.629178299332623,-0.28798211366318915,-0.861020063545753,-0.16298497793828984
2019-05-19,3.5833333333333335,2.625,15.804166666666669,978.4749999999998,0.24583333333333335,1,-0.12661643911153683,1.5083915677548323,-0.065508915656394,-0.30446686117498906,0.7191565577035296
2019-05-20,6.0,2.7916666666666665,18.02916666666666,975.7458333333333,0.0,1,0.26958132779671395,1.0417838717459755,-0.8358014798552271,-1.0626830256010493,-0.48221147116677654
2019-05-21,7.208333333333333,3.5,14.337499999999999,975.3250000000002,0.375,1,1.6374160137348186,1.708283047675422,0.14795555911545893,-0.17338292140733003,-0.06075169799602154
2019-05-22,7.666666666666667,4.833333333333333,14.025,976.4916666666663,0.6333333333333334,1,2.5232741524090896,2.2172451284947905,0.4198371154741277,0.9766988907679806,0.21128878944719934
2019-05-23,7.791666666666667,4.833333333333333,12.250000000000002,984.120833333333,1.8583333333333334,1,4.255774501377165,5.13089205595668,4.294057808868199,4.048716907781395,1.7139074573561264
2019-05-24,6.958333333333333,2.1666666666666665,12.075000000000001,985.4666666666667,0.14166666666666666,1,0.40294504607531745,0.42913480108962526,0.6182960644498032,-0.46685190265597093,-0.6578452239349658
2019-05-25,4.375,2.3333333333333335,15.191666666666665,984.9208333333335,0.0,1,-0.6720022135001107,0.40335408438222764,-0.22296566286509295,-0.5024430301144976,-0.14120274352110837
2019-05-26,5.333333333333333,2.25,17.595833333333335,985.4375,0.0,1,-0.5521370678034464,0.5517284728010844,-0.17746845333241668,-0.5116257082796981,-0.6525814484478829
2019-05-27,5.333333333333333,1.6666666666666667,18.983333333333334,982.3874999999999,0.0,1,-0.6266945368353396,0.8874723811968435,-0.13771526491963423,-0.9647803058601203,-0.658800574701419
2019-05-28,6.25,2.5,17.6375,977.2749999999997,0.12499999999999999,1,0.4073867931379806,1.2974521038174387,-0.25277476963245427,-0.8340649416865588,-0.44652838286723406
2019-05-29,8.0,2.5416666666666665,12.654166666666667,986.8333333333331,0.04583333333333334,1,0.5638590229679541,0.059392931095234996,0.32668808041650116,-0.4567693388445797,-1.2188517180235934
2019-05-30,7.666666666666667,2.75,10.808333333333332,994.8791666666667,0.04583333333333334,1,0.20244673961128706,-0.5408538859606288,0.6768103771186198,0.2346601057146318,-1.2951856535589141
2019-05-31,3.3333333333333335,1.7083333333333333,15.45833333333333,994.9250000000001,0.049999999999999996,1,-1.596538764387447,0.11963133358357833,0.5643460328148721,0.17878714139648158,-0.1755502118854545
2019-06-01,3.8333333333333335,1.625,17.895833333333336,992.8458333333333,0.0,2,-1.5641160998274806,0.2867568446266377,0.3029986351074635,-0.10309307634931132,-0.49801856269478284
2019-06-02,2.75,1.9166666666666667,19.833333333333332,990.9874999999998,0.0,2,-1.803485598046843,0.5673874687649846,-0.08159603781093669,-0.014522204897072242,-0.15736107520564424
2019-06-03,0.75,3.7916666666666665,20.7625,989.2750000000001,0.0,2,-1.832077448925728,0.6476494818693965,-1.160601251199675,0.7925276314829391,0.6638765259810843
2019-06-04,2.125,3.7916666666666665,21.341666666666665,985.6333333333333,0.0,2,-1.2657447793478012,0.8432840937147951,-1.2424384277516567,0.4354622272059128,0.30123850537308655
2019-06-05,2.5,4.333333333333333,21.362499999999997,983.0458333333331,0.0,2,-0.872276338524611,0.923346610875718,-1.5636361164617114,0.4413690700337952,0.3119423100136988
2019-06-06,3.875,2.7916666666666665,20.745833333333334,983.504166666667,0.0,2,-0.887684914177039,0.931562768780135,-0.7519008829302143,-0.274968495916571,-0.2420695743410782
2019-06-07,3.9583333333333335,1.4166666666666667,21.566666666666666,986.4666666666666,0.0,2,-1.4371939349963578,0.959831018618807,-0.05791830139110893,-0.6165206013974764,-0.5358311185328911
2019-06-08,2.9583333333333335,2.7083333333333335,21.708333333333332,990.8916666666665,0.0,2,-1.6056344903123907,0.6541699446574453,-0.47573761324281305,0.33627103709760003,-0.29347305746479607
2019-06-09,1.2083333333333333,3.0833333333333335,20.295833333333338,996.2666666666669,0.0,2,-2.22682527894952,0.27407932450414946,-0.46528801393213354,0.992472127990021,0.20724023649625803
2019-06-10,1.1666666666666667,3.7916666666666665,24.329166666666662,988.4791666666666,0.0,2,-1.8391773271505116,0.9792248592035693,-1.307718671372191,0.7756280567463041,0.32151510048146237
2019-06-11,0.9166666666666666,2.4166666666666665,25.191666666666674,985.4041666666667,0.0,2,-2.182747915187898,1.3513563030086544,-0.9379559562200501,-0.008006066713584897,0.38297834032511163
2019-06-12,1.1666666666666667,2.125,25.441666666666674,984.6166666666667,0.0,2,-2.161844073261207,1.4320076395582186,-0.8426364051602361,-0.20280359580324428,0.29311095412465765
2019-06-13,3.2916666666666665,2.0416666666666665,25.370833333333334,985.2916666666666,0.008333333333333333,2,-1.5704348321695685,1.3408932400922464,-0.565182648413359,-0.30707620725992113,-0.4526554031160483
2019-06-14,3.3333333333333335,2.375,24.70833333333333,989.8708333333333,0.0,2,-1.6795602773408231,0.9808781336663787,-0.4748522959706851,0.15273870990235078,-0.5980864220232799
2019-06-15,3.9166666666666665,2.5,26.870833333333337,985.8041666666667,0.0,2,-1.368284318204225,1.3530379508988348,-0.7622106956511426,-0.10170568364256141,-0.7662055976847586
2019-06-16,4.5,2.6666666666666665,22.433333333333337,988.0291666666664,0.024999999999999998,2,-1.0072391500574085,0.888490937300713,-0.42391773616076994,0.06533108648347727,-0.7215360618305342
2019-06-17,6.208333333333333,2.375,19.6375,992.4041666666667,0.0,2,-0.7094866830616547,0.3035644902376724,0.10205603972530232,0.06136815673309555,-1.3579910217584448
2019-06-18,4.708333333333333,3.5833333333333335,20.029166666666665,990.2125000000002,0.0,2,-0.725400672816915,0.40462004909853255,-0.6560911492509529,0.507239224802236,-0.6989624554883689
2019-06-19,5.333333333333333,1.7916666666666667,22.554166666666664,985.0333333333333,0.0,2,-0.8980513295797024,1.036998060328755,-0.20590548859222654,-0.6372929224673353,-0.9888379499864999
2019-06-20,6.708333333333333,1.625,22.254166666666663,983.6583333333333,0.041666666666666664,2,-0.38333556931924395,1.1679513496844067,0.04427140200375908,-0.8218975077573848,-1.3379323308196114
2019-06-21,5.416666666666667,2.5833333333333335,20.745833333333337,987.2250000000003,0.09999999999999999,2,-0.5135090636666068,0.9747448774313688,-0.07122177793058265,0.030449485259208754,-0.7934094065219831
2019-06-22,5.083333333333333,3.4583333333333335,20.954166666666666,991.2708333333334,0.0,2,-0.747097603216103,0.42306468382222756,-0.5573002413988903,0.530182435602492,-0.9387859884937728
2019-06-23,5.625,4.916666666666667,21.495833333333337,991.2000000000002,0.0,2,-0.20101156542409512,0.32308831679620265,-1.1466660979135945,1.1162614596399854,-1.0589915102242806
2019-06-24,4.791666666666667,4.375,22.016666666666666,995.0583333333334,0.0,2,-0.8214833062813071,0.23733641697196545,-0.8251635591826512,1.2484100010695982,-0.9987905795047853
2019-06-25,1.0,3.7916666666666665,25.08333333333333,996.2666666666669,0.0,2,-2.3211050882646034,0.6268736141980844,-0.9737707880698968,1.400372039704071,0.015675873863988273
2019-06-26,1.5833333333333333,2.75,27.375000000000004,993.5583333333335,0.0,2,-2.411068655804003,1.040051942979873,-0.7116450130770525,0.7605035587032849,-0.2940151028844429
2019-06-27,1.125,4.916666666666667,24.68333333333334,989.4124999999998,0.0,2,-1.6017726411719082,0.8602250047589806,-1.7514244811745678,1.3320487366813416,0.3507903407137596
2019-06-28,4.208333333333333,3.2916666666666665,18.412499999999998,992.4333333333333,0.0,2,-0.9908168619021196,0.19091059790031267,-0.4036309664639577,0.5548798915108522,-0.5316156944587114
2019-06-29,2.3333333333333335,2.5,20.716666666666672,992.5416666666666,0.0,2,-1.8859664617111214,0.5219868799943601,-0.3220528659796855,0.3956956622836344,-0.09515599635934327
2019-06-30,0.08333333333333333,3.0,24.98333333333333,988.895833333333,0.0,2,-2.4352083982926764,1.1233114717032135,-1.075949437186306,0.5562850879875411,0.5808880321947506
2019-07-01,3.875,5.166666666666667,26.712500000000002,985.2374999999998,0.0,2,-0.5992353800198857,1.1346897372765088,-1.9038329925397477,0.979893278493225,-0.5395684137939146
2019-07-02,4.583333333333333,3.7916666666666665,21.937500000000004,987.6625,0.008333333333333333,2,-0.6528463354749869,0.7155645339249035,-0.9321969082469242,0.4623589367341437,-0.6512182281351037
2019-07-03,2.0833333333333335,3.4583333333333335,17.829166666666662,991.4041666666667,0.0,2,-1.4958830564442231,0.26179476785048095,-0.6834662489032017,0.6712435302651933,0.2883098025975232
2019-07-04,2.0,2.5416666666666665,16.879166666666663,991.9791666666665,0.0,2,-1.760329033377087,0.23426295022701002,-0.24030859768635754,0.3149414787595856,0.293765728609913
2019-07-05,6.916666666666667,3.875,18.01666666666667,985.958333333333,0.0,2,0.326044606047478,0.35551422032346525,-0.7129723531109827,0.12084496783772686,-1.13513969362971
2019-07-06,5.0,3.7916666666666665,22.099999999999998,981.3583333333331,0.0,2,-0.22967911038919428,1.0324336902226534,-1.2327588950598098,-0.0633086865623582,-0.5623236105905062
2019-07-07,5.125,3.4583333333333335,18.33333333333334,979.6291666666663,0.0375,2,0.04460825771417645,0.9369438904002217,-0.9092835022018797,-0.3427777873168635,-0.2602495507565959
2019-07-08,4.958333333333333,5.0,15.616666666666662,985.2958333333336,0.0,2,0.2069909749820003,0.16019278060210643,-1.2883967905137041,0.6229822735314269,-0.2049187613057469
2019-07-09,5.875,4.25,14.937499999999995,986.0250000000001,0.0,2,0.26566694904439875,0.095117328826541,-0.8321183154984432,0.28991573469726367,-0.5552841919588349
2019-07-10,5.625,5.208333333333333,15.575000000000001,985.6708333333336,0.0,2,0.44640698324916506,0.09279655402087651,-1.2981278793907047,0.6960180324952646,-0.4321589031824506
2019-07-11,4.416666666666667,3.5416666666666665,14.904166666666663,984.2708333333334,0.07916666666666668,2,-0.14602038431186118,0.5302613724385209,-0.5243839395381659,0.11262799650169379,0.08289572129858888
2019-07-12,5.291666666666667,1.9583333333333333,17.104166666666668,983.0000000000001,0.0,2,-0.49839508012597944,0.6696855173809054,-0.15759569283684813,-0.8293478596758603,-0.5276602928825453
2019-07-13,7.125,1.7083333333333333,16.5375,981.6374999999999,0.11666666666666665,2,0.2638725152187036,0.9807886136342763,0.38789346766819327,-0.9281761303096238,-0.9164558371101684
2019-07-14,5.5,2.2083333333333335,14.795833333333334,984.0999999999999,1.758333333333333,2,2.556353105429181,5.383840521572082,4.812200845848363,2.9309287105148707,2.0178208343733273
2019-07-15,1.8333333333333333,2.25,16.904166666666665,985.2666666666665,0.0,2,-1.5511713307552284,0.6330620693429461,-0.46013882008126505,-0.3132389281306376,0.6004924771222294
2019-07-16,4.375,4.208333333333333,15.912500000000001,984.8208333333333,0.0,2,-0.17774521876549707,0.3034444652551892,-1.0423077496732263,0.295721501004289,-0.05794213737679881
2019-07-17,5.083333333333333,4.125,17.1125,984.3208333333333,0.0,2,-0.022622793955775076,0.4137600393993809,-1.0191208699227414,0.2004200523247156,-0.36436595889223217
2019-07-18,3.0416666666666665,1.125,17.700000000000003,985.2833333333333,0.0,2,-1.5451995933069045,0.7548144286016558,0.08401642028015979,-0.8487615499734034,0.05784021430494892
2019-07-19,4.041666666666667,1.9583333333333333,19.3625,987.0249999999997,0.0,2,-1.1834894247344436,0.6903736847309782,-0.16118400986590445,-0.3942529720202908,-0.4075191418414085
2019-07-20,5.25,1.5416666666666667,21.916666666666668,988.4874999999998,0.004166666666666667,2,-1.1309185654409586,0.8323132110769672,0.09709636366587134,-0.47589640712128534,-1.0690773484114338
2019-07-21,5.791666666666667,2.2916666666666665,20.03333333333333,990.0250000000001,0.23750000000000002,2,-0.3673483362749278,1.1649359033232896,0.6323227889726963,0.3681699758823624,-0.8133333484973183
2019-07-22,5.75,2.6666666666666665,21.166666666666668,993.3041666666667,0.0,2,-0.8836277161988084,0.3762256734815502,-0.07781602432874621,0.3137152887729975,-1.3166094676210298
2019-07-23,7.791666666666667,2.6666666666666665,18.108333333333334,992.1083333333336,0.020833333333333332,2,-0.03452387852151715,0.1633544104329658,0.2223654028370787,0.07230819786545366,-1.7411134003007818
2019-07-24,6.416666666666667,2.0,20.558333333333334,990.9166666666665,0.0,2,-0.7209103546103736,0.4883668633264207,0.16746341972437656,-0.20638460548628854,-1.4544551704149347
2019-07-25,1.625,1.3333333333333333,21.995833333333334,990.1416666666668,0.0,2,-2.3620204364598094,0.8915999256148598,-0.06316822936833182,-0.21026232009242204,0.08335651759480076
2019-07-26,2.9166666666666665,2.3333333333333335,22.375,983.3166666666666,0.0,2,-1.3695660442194921,1.1572200031079014,-0.7178070524462863,-0.3886745394815256,-0.04210078046870754
2019-07-27,2.8333333333333335,3.4166666666666665,20.3,978.4208333333335,0.008333333333333333,2,-0.7293086231049856,1.1766912343077058,-1.3096514182984993,-0.326755063611757,0.40324931630171296
2019-07-28,4.625,2.9583333333333335,23.795833333333338,976.0208333333331,0.0,2,-0.38409275220652384,1.5549373735670173,-1.2444697664158437,-0.7676449736117217,-0.38437597964455106
2019-07-29,5.583333333333333,2.375,23.854166666666668,978.1833333333334,0.125,2,-0.17094873289262977,1.8139950411546935,-0.46549905602948666,-0.6500589699999348,-0.6661602846784875
2019-07-30,4.666666666666667,3.0833333333333335,21.7625,980.8166666666665,0.5916666666666667,2,0.4820923541379394,2.7912417119042687,0.6744460094992782,0.8320852387972019,0.3877029549353603
2019-07-31,7.166666666666667,2.7916666666666665,21.34583333333333,984.754166666667,0.09166666666666667,2,0.14841565960483627,1.0523130652319284,-0.17506604182981386,-0.18954745026204411,-1.3311580311603863
2019-08-01,5.125,2.875,20.645833333333332,986.7208333333334,0.03333333333333333,2,-0.5970560470571938,0.7889760845255988,-0.4251992941946408,-0.006041805449226276,-0.7414641434818975
2019-08-02,4.875,2.1666666666666665,19.670833333333338,985.1083333333331,0.0,2,-0.7947725037944098,0.771004186587762,-0.28218075219481087,-0.5012289485042576,-0.6222432437000639
2019-08-03,4.875,1.8333333333333333,17.41666666666667,983.4583333333334,0.15416666666666665,2,-0.44413213973875315,1.1365879616253594,0.29886648431538543,-0.4955696993243624,-0.2130791074746948
2019-08-04,3.5833333333333335,3.0,18.145833333333336,986.1374999999999,0.0,2,-0.925146138868046,0.5593834967222138,-0.6309764326344768,-0.017563541225914334,-0.0654550021166956
2019-08-05,4.541666666666667,3.25,20.004166666666666,985.4583333333334,0.0,2,-0.6250854145002894,0.6965267107996286,-0.76116923123273,0.011097690117647928,-0.4707794396940923
2019-08-06,6.041666666666667,2.3333333333333335,22.27083333333334,983.8291666666669,0.004166666666666667,2,-0.45437976842196587,1.0153975220021536,-0.4070569937570502,-0.5439122018980208,-1.1226897825687803
2019-08-07,5.458333333333333,1.875,22.404166666666665,980.766666666667,0.17500000000000002,2,-0.3279351766715952,1.7414977857373035,0.057108512811423935,-0.5800852565138946,-0.5960201305376293
2019-08-08,5.458333333333333,4.083333333333333,20.77916666666667,983.729166666667,0.5541666666666667,2,0.8349128106597489,2.324067573945364,0.4008162248280285,1.3302354118144304,0.07631323958273584
2019-08-09,2.9583333333333335,2.4583333333333335,21.108333333333334,986.1208333333334,0.0,2,-1.4039704037861152,0.884328945469052,-0.5788519776959709,-0.14817326930954344,-0.07890933590772971
2019-08-10,5.708333333333333,2.9166666666666665,22.462499999999995,986.4708333333333,0.0,2,-0.5409253525760537,0.837031822839798,-0.5710380227159045,-0.07781036516032684,-1.0939787181854306
2019-08-11,2.4583333333333335,2.5,21.879166666666666,989.7416666666668,0.43333333333333335,2,-1.0554932123368321,2.0008031013351775,0.7153901900900926,1.0899692656875517,0.5142623442829063
2019-08-12,4.291666666666667,2.4583333333333335,23.716666666666665,985.7041666666668,0.0,2,-1.111635638338125,1.0793347223426055,-0.5895350864585059,-0.2140356578480184,-0.6890019198298415
2019-08-13,6.0,2.7083333333333335,19.1,987.4625000000002,0.9666666666666668,2,1.1755291626841342,3.253406063179772,2.424870162159036,1.820095515513221,0.34164211315468834
2019-08-14,5.625,2.0833333333333335,15.304166666666667,988.2958333333335,0.525,2,0.30915205592760436,1.6982104006120804,1.6152529401401656,0.6571018237177013,0.01441348143224431
2019-08-15,1.625,1.375,16.325000000000003,988.2166666666667,0.0,2,-1.9797849554612534,0.5091435726787658,0.05530497257194359,-0.45383694571561917,0.5317935538857503
2019-08-16,5.875,2.25,16.27083333333333,987.9499999999999,0.0,2,-0.4551118982959156,0.2821070310161313,0.045205353678965506,-0.37967536373598043,-0.8538548925970514
2019-08-17,3.9166666666666665,1.2083333333333333,17.89166666666667,987.9833333333335,0.0,2,-1.408218053590058,0.5843761510429458,0.24830565346569872,-0.658422759988584,-0.35822518603034703
2019-08-18,3.875,1.75,21.475000000000005,984.7833333333333,0.0,2,-1.2788268930227271,1.0168949966659926,-0.2829118410266619,-0.6017496310048976,-0.4109833424990153
2019-08-19,2.875,2.25,23.387499999999992,987.85,0.0,2,-1.684503860096775,1.006318754692837,-0.5069389225630302,-0.05229535812332334,-0.2819525952683235
2019-08-20,6.833333333333333,3.2083333333333335,20.925,992.3708333333333,0.20833333333333334,2,-0.011199455822097219,0.9100767199524636,0.3349826575817928,0.826061863163296,-1.3031236329397295
2019-08-21,7.083333333333333,3.25,17.495833333333334,996.5333333333334,0.029166666666666664,2,-0.2642517983102263,-0.13079305594990728,0.1802094245761752,0.7094800905178784,-1.585701936684584
2019-08-22,5.458333333333333,3.9166666666666665,17.14166666666667,999.4916666666669,0.0,2,-0.7423236257792408,-0.40303558987766014,-0.16255873451715644,1.2557774377522384,-1.1208766902582428
2019-08-23,2.0833333333333335,3.8333333333333335,18.604166666666668,998.0708333333333,0.0,2,-1.7674670144106734,-0.0675120936527783,-0.5475534067411432,1.357760785973314,-0.005677181633683858
2019-08-24,2.0,4.458333333333333,20.05,996.0249999999997,0.0,2,-1.5831085211075244,0.11432185411569479,-0.9745847603528419,1.498433974468949,0.05362055177164552
2019-08-25,3.3333333333333335,2.7083333333333335,21.099999999999998,994.225,0.0,2,-1.6343908469980382,0.40729101953302976,-0.2565404085335814,0.5563786918786775,-0.5171557205235999
2019-08-26,3.2083333333333335,2.9166666666666665,22.458333333333332,993.25,0.0,2,-1.6290901089812448,0.5621414881460913,-0.45702079353921055,0.604467616738204,-0.509070997759187
2019-08-27,2.7916666666666665,1.5416666666666667,22.304166666666664,992.5874999999997,0.0,2,-2.0960505900482076,0.7228705326680632,0.05687586033314722,-0.0031572990033527926,-0.42173603748589994
2019-08-28,2.0,1.9583333333333333,22.120833333333334,991.4416666666665,0.2125,2,-1.8014143157769453,1.366379265190749,0.3589824586306975,0.5705518578310265,0.23760037877300177
2019-08-29,2.0416666666666665,1.6666666666666667,23.495833333333337,990.5708333333333,0.0,2,-2.238924849210452,0.9508851124584239,-0.2066273566389038,-0.03345279949638379,-0.1519032728913579
2019-08-30,3.875,1.8333333333333333,22.25833333333333,993.625,0.041666666666666664,2,-1.6749632806012136,0.7146365288976869,0.19697849688749652,0.21511345631709114,-0.7537214859920911
2019-08-31,1.0416666666666667,3.5833333333333335,22.46666666666667,991.5250000000001,0.0,2,-1.9999189433263285,0.6783196651006459,-1.0076743687493839,0.8928555541563906,0.3484281204213272
2019-09-01,1.3333333333333333,1.7916666666666667,23.600000000000005,985.2166666666667,0.0,3,-2.1473595593210906,1.2658876502280094,-0.5848806597265446,-0.34482307511613325,0.30881480373027403
2019-09-02,6.75,3.3333333333333335,17.766666666666673,988.9916666666669,0.7208333333333333,3,1.158582696374543,2.273940125198302,1.6698685922671894,1.6192067466824156,-0.19772674762808415
2019-09-03,5.833333333333333,1.875,14.274999999999999,994.6749999999998,0.45,3,-0.08438882316459707,1.0615496494913585,1.8631186265682658,0.8710561382991704,-0.3680196060749142
2019-09-04,3.25,1.6666666666666667,16.033333333333335,991.6625,0.0,3,-1.576225963820244,0.21041417953339583,0.2529845223490594,-0.17611352671164957,-0.12641096639869515
2019-09-05,1.75,1.9166666666666667,18.008333333333336,987.3625000000001,0.0,3,-1.828776248018354,0.6461244854782393,-0.2704647268137138,-0.26535913568036223,0.45050808296820216
2019-09-06,6.291666666666667,2.5,16.88333333333333,993.9625,0.0,3,-0.5966050216428826,-0.03000463824440889,0.24421860575968699,0.1736966392414681,-1.2623235510082658
2019-09-07,7.166666666666667,2.9583333333333335,15.687499999999998,989.4291666666667,0.09166666666666667,3,0.22927882539417202,0.3014243728740773,0.21165169926043434,0.1275292285675912,-1.14133915985719
2019-09-08,5.625,2.375,16.425,988.6458333333331,0.6416666666666667,3,0.5092261580571563,2.0805785777381196,1.7904993817533998,1.0703214095254754,0.11269279392984809
2019-09-09,7.166666666666667,2.875,15.262500000000001,984.1958333333333,0.8708333333333335,3,1.7634581478314078,2.772709691450147,2.184699935502407,1.2897289896939041,0.19722199136758975
2019-09-10,4.708333333333333,2.5,15.041666666666664,990.7500000000001,0.11666666666666665,3,-0.625285441627083,0.3785429454971511,0.3514514295731883,0.23263406963280958,-0.30426500233558945
2019-09-11,2.875,1.0416666666666667,15.741666666666672,995.8041666666667,0.0,3,-2.0590017287863294,0.030291655588951166,0.6956620718726523,-0.10306069132773936,-0.1878263786248961
2019-09-12,1.0833333333333333,1.75,16.541666666666664,999.3874999999999,0.0,3,-2.6147194445058544,-0.09204717702886371,0.3861645795978,0.6028521711509459,0.2782804940220546
2019-09-13,3.875,3.0,17.104166666666664,999.9750000000003,0.0,3,-1.4921203997651598,-0.2916813103195494,0.10961416943181222,1.007190597085222,-0.656094918615181
2019-09-14,2.875,2.125,13.466666666666661,1002.9666666666667,0.0,3,-2.011252467526625,-0.6488670154429191,0.6825083584825612,0.8597657521484834,-0.2562897520732723
2019-09-15,3.4583333333333335,2.9583333333333335,13.283333333333331,995.0875000000001,0.0,3,-1.1953702210201014,-0.33260653181154676,0.007966481627958854,0.5643008849193792,-0.07080609992567621
2019-09-16,6.375,3.1666666666666665,14.374999999999998,988.5125000000002,0.06666666666666667,3,0.12098254315883077,0.1793482377958605,-0.005260309475006558,0.1181490139010899,-0.7689424386648125
2019-09-17,6.25,5.0,12.720833333333333,985.0708333333333,0.09166666666666666,3,0.8913653609225204,0.13797330076174322,-0.814575034839164,0.6539863686281798,-0.3212044737412557
2019-09-18,5.5,6.375,10.15,990.4916666666667,0.03333333333333333,3,0.8051996616992232,-0.635592451349145,-1.2503119094958073,1.5279420458913167,-0.10596409326411549
2019-09-19,4.375,3.9166666666666665,8.3,995.7874999999998,0.03333333333333333,3,-0.3966062158609447,-0.8200537447567718,0.014658113706505858,0.9330792120468873,0.021409373584193692
2019-09-20,5.333333333333333,3.2916666666666665,9.450000000000001,997.9583333333334,0.0,3,-0.5062662182298223,-0.9150034240075036,0.3251989897127582,0.7286553961429817,-0.5589986156038115
2019-09-21,2.0833333333333335,2.2083333333333335,11.158333333333337,996.1583333333334,0.0,3,-1.766144453904213,-0.4536754212139529,0.3414270235469826,0.37620883619592643,0.4454361723834327
2019-09-22,0.0,0.9583333333333334,12.183333333333332,989.8791666666666,0.0,3,-2.4649108713176444,0.16379284513156647,0.3379894435664,-0.479840901178978,1.2632451069100818
2019-09-23,4.25,2.8333333333333335,12.220833333333331,987.0416666666665,0.0,3,-0.53450906529838,-0.00477973401403565,-0.21972128151866516,-0.1794635365422584,0.04254326214320329
2019-09-24,7.166666666666667,3.9583333333333335,10.800000000000002,986.5958333333336,0.0,3,0.7382731678772041,-0.31088749491098805,-0.4031001743910264,0.045027201751076155,-0.772754064261201
2019-09-25,7.458333333333333,1.5833333333333333,12.925000000000002,981.0416666666666,0.012499999999999999,3,0.36220679537305217,0.407674378946033,0.2954541767764689,-1.3353018148041735,-0.92860362227678
2019-09-26,5.75,3.0416666666666665,14.450000000000001,984.2416666666668,0.016666666666666666,3,0.03223868021558222,0.30995887983400033,-0.3573291077523273,-0.32458524296841484,-0.46637125283638836
2019-09-27,5.041666666666667,1.5,14.929166666666667,986.4,0.0,3,-0.769146109536862,0.34983201471549263,0.26623821157836963,-0.788595814442458,-0.46865048405107723
2019-09-28,5.541666666666667,3.875,14.708333333333334,986.1458333333331,0.008333333333333333,3,0.08022488935091815,0.1385562906435789,-0.6654312888009387,0.17500412921439182,-0.44425452212422484
2019-09-29,4.875,4.208333333333333,15.3375,982.0500000000002,0.0,3,0.13954752889362085,0.3861834831195357,-1.1106416756622517,0.038946920553406386,-0.08048333470698148
2019-09-30,5.958333333333333,8.375,16.150000000000002,975.1624999999998,0.10833333333333334,3,2.1137699106045558,0.7263643040399812,-2.827653928117838,1.4381268020894258,0.20647809589928934
2019-10-01,3.5416666666666665,3.75,14.708333333333334,980.4708333333333,0.0,3,-0.27449076740846806,0.5089852200478221,-1.0852241477297122,-0.20269860049685473,0.4508765675908939
2019-10-02,6.708333333333333,2.6666666666666665,13.495833333333332,976.0249999999997,0.029166666666666664,3,0.6966937655123286,0.7078416482948908,-0.4437080841722288,-1.1697859721927508,-0.40943138220324193
2019-10-03,6.291666666666667,3.375,8.637500000000001,984.0499999999998,0.4583333333333333,3,1.2960848775349125,1.0311779618032622,1.0090476611243278,0.5622793288233315,0.38167723486408506
2019-10-04,6.458333333333333,2.25,8.8875,984.2458333333335,0.0,3,0.26181924853712735,-0.1678104597689251,0.21429212657853633,-0.8493910460655212,-0.42554487824663845
2019-10-05,8.0,3.5833333333333335,7.925000000000002,980.6916666666667,0.15833333333333333,3,1.5781528496947095,0.21715366259607166,0.09718265664299652,-0.35153900517396053,-0.43462530312556646
2019-10-06,4.916666666666667,2.9583333333333335,5.529166666666666,989.3541666666669,0.041666666666666664,3,-0.02919352031557017,-0.6181954572503376,0.2852729042763658,-0.03920464539524766,0.22220607117958985
2019-10-07,1.2083333333333333,1.5,3.0666666666666664,991.0208333333335,0.0,3,-1.5738845565765338,-0.7685419465083676,0.6401387581505298,-0.4229979718785386,1.4304643582027459
2019-10-08,5.75,2.3333333333333335,6.254166666666666,986.8333333333334,0.0,3,0.06944345168857238,-0.5136281767733232,0.3506938251706026,-0.6221174792312567,-0.11030695060694345
2019-10-09,7.75,2.1666666666666665,11.716666666666667,982.9333333333333,0.11666666666666665,3,0.7437122253842746,0.4354262839960197,0.508138294488625,-0.771420262517247,-0.8396046845400759
2019-10-10,5.458333333333333,6.125,11.208333333333336,985.0374999999999,0.5916666666666667,3,1.8601434376883428,1.3624374782851016,0.10154458129450315,2.1792205651579817,0.8350251332923131
2019-10-11,5.166666666666667,3.7916666666666665,11.174999999999999,991.2999999999998,0.008333333333333333,3,-0.14684318932967522,-0.4209831403202357,-0.26911996558169154,0.4899289660569215,-0.29974842370087895
2019-10-12,2.5416666666666665,2.4166666666666665,13.258333333333333,988.85,0.0,3,-1.3008799522244188,0.08644698982152096,-0.14681542281759108,-0.08558971229526581,0.46062727065580794
2019-10-13,1.0416666666666667,0.875,13.362499999999997,990.8916666666668,0.0,3,-2.2865752287038346,0.17772789901189665,0.46440222241989937,-0.48068362608825044,0.7827578874927488
2019-10-14,0.125,0.9166666666666666,13.679166666666665,990.1333333333333,0.0,3,-2.5242289518488605,0.2764963343136074,0.31804707441295166,-0.45609362381994045,1.1102217977510034
2019-10-15,3.7916666666666665,1.875,13.970833333333333,984.5,0.0,3,-0.8934382320041491,0.38476366012857954,-0.052448109679111586,-0.7150794323256933,0.12440967262073921
2019-10-16,2.5416666666666665,3.7916666666666665,12.862500000000002,985.4666666666666,0.0,3,-0.7256172319812407,0.11413005920450642,-0.8712791525065559,0.22670579222246254,0.7151813069691465
2019-10-17,0.9166666666666666,0.75,11.229166666666664,989.7583333333331,0.0,3,-2.1984488516303795,0.07325832794690983,0.5371839867755254,-0.6551200818812152,1.0014103732874005
2019-10-18,2.75,0.625,12.112500000000002,987.1208333333333,0.0,3,-1.5964197506933302,0.23425128188572203,0.5838354273639832,-1.0111555355241888,0.41281850482430543
2019-10-19,3.5416666666666665,0.7916666666666666,11.5625,986.4458333333333,0.0,3,-1.2536173477213894,0.1795763396825213,0.5718487523747025,-1.0546542735912543,0.21521277409989012
2019-10-20,1.5,1.5833333333333333,13.591666666666667,987.1041666666665,0.0,3,-1.770741249041154,0.3227617295045438,0.013782957986325176,-0.4979303281746072,0.8109417444295345
2019-10-21,2.5833333333333335,0.7916666666666666,13.716666666666667,990.9083333333333,0.0,3,-1.8692066723381475,0.1567141688921692,0.6189595323731057,-0.6067635649849659,0.2243589167840395
2019-10-22,4.25,0.5833333333333334,13.658333333333333,994.4499999999999,0.0,3,-1.6090378994943597,-0.08442141305534562,1.0248666418314845,-0.5307589643037407,-0.5007546766805634
2019-10-23,7.333333333333333,2.2083333333333335,11.845833333333331,992.4416666666666,0.0,3,-0.048690160093846704,-0.3897742592184057,0.5863115014828518,-0.23392744236923635,-1.251217086088507
2019-10-24,3.2083333333333335,2.2916666666666665,13.141666666666666,986.525,0.0,3,-1.0136541604232168,0.18891701263654523,-0.14526283073745244,-0.3624267883768529,0.3247563649532669
2019-10-25,1.2083333333333333,1.4583333333333333,11.570833333333333,991.9416666666667,0.0,3,-2.0412873901106163,-0.09009808503390195,0.3581054296956371,-0.2001488551754453,0.8386684210720019
2019-10-26,3.5,0.625,11.033333333333333,992.9916666666664,0.0,3,-1.6200660227197727,-0.20457489128617348,0.9779443268407562,-0.6294090921526324,-0.011370020521366738
2019-10-27,1.875,3.25,12.637499999999998,988.4583333333334,0.0,3,-1.216573752163202,0.005638758676376895,-0.5473491068711823,0.2665900517743034,0.8015328089164814
2019-10-28,5.791666666666667,2.4583333333333335,7.1625000000000005,991.4458333333333,0.07083333333333333,3,-0.04599200239947727,-0.4979070216996001,0.687352336619682,-0.05293369791994885,-0.26069439303077613
2019-10-29,6.875,2.0,5.375,993.3291666666665,0.004166666666666667,3,0.02959499446878827,-0.9418855540634545,0.9507510677351665,-0.34455854029368704,-0.7178825188207243
2019-10-30,2.75,1.7916666666666667,3.2791666666666672,999.5541666666668,0.0,3,-1.478117568276258,-1.2974372636484397,1.057725766802359,0.261448928724458,0.5629442712498453
2019-10-31,3.125,1.6666666666666667,-0.3208333333333335,998.4750000000003,0.0,3,-1.173509258619884,-1.5485544415830224,1.2357141085381613,0.029737877542238333,0.7029730493651806
2019-11-01,8.041666666666666,1.9583333333333333,0.0833333333333331,991.4125,0.0,3,0.7100909753828974,-1.3405864877304143,1.1783342912267132,-0.6988147969299711,-0.7063317197638748
2019-11-02,6.625,1.25,5.2749999999999995,975.9625,0.004166666666666667,3,0.6338291902511743,0.06866661233919726,0.4023960947868196,-1.982801473463355,0.02448700740995486
2019-11-03,4.75,2.75,11.725,968.5583333333334,0.0,3,0.55487466167558,0.9453057942218909,-1.0208036354262402,-1.678357518540712,0.6430193727173826
2019-11-04,6.458333333333333,3.0416666666666665,11.25416666666667,966.2708333333334,0.18333333333333335,3,1.5824686555835312,1.4609016757895115,-0.5757152482647707,-1.4721089171934787,0.4592070683071329
2019-11-05,6.125,1.2083333333333333,8.116666666666667,970.9291666666667,0.2916666666666667,3,1.061763487488965,1.4242084010560996,0.8194720931813152,-1.7051985333657675,0.6198268822617536
2019-11-06,4.833333333333333,2.5,7.608333333333334,974.9375,0.09999999999999999,3,0.5464087968235127,0.5516017786616773,-0.15266360338888937,-1.1742844348959596,0.7493384022459475
2019-11-07,5.458333333333333,1.375,5.804166666666666,979.5166666666665,0.004166666666666667,3,0.1155377564200804,-0.04667853966055014,0.40075086786738817,-1.5710075671175558,0.25562635261446215
2019-11-08,7.833333333333333,2.8333333333333335,4.4750000000000005,981.7250000000003,0.0,3,1.1741396217668718,-0.5103191272001538,0.14475579964557958,-0.9735666014628106,-0.4702694212586856
2019-11-09,8.083333333333334,2.25,7.0375000000000005,980.6625,0.029166666666666664,3,1.0639198969770143,-0.1087692434432082,0.336670952358292,-1.2063063570467767,-0.6773264523403086
2019-11-10,8.0,1.6666666666666667,6.0125,983.975,0.725,3,1.8918938606598485,1.6579389292728903,2.7193154324127553,0.22351160922465546,0.23224496688678387
2019-11-11,4.25,2.4583333333333335,4.858333333333333,987.0416666666665,0.15416666666666667,3,-0.033796607215918935,-0.16042540960085927,0.6658598415188006,-0.16636706249839364,0.7138467804082547
2019-11-12,6.958333333333333,3.0416666666666665,6.904166666666666,980.5833333333334,0.016666666666666666,3,0.9405422033551502,-0.17968914758443716,-0.12544079960539706,-0.8342526210183207,-0.24388270278067045
2019-11-13,7.291666666666667,3.4166666666666665,9.641666666666666,974.0791666666668,0.10416666666666667,3,1.4863501924669513,0.6097974438119593,-0.43665671299250364,-0.9624639617120878,-0.12424524113934536
2019-11-14,6.958333333333333,3.2916666666666665,5.2250000000000005,983.8250000000003,0.04583333333333334,3,0.973821841177362,-0.4380998357806651,0.07698461060090923,-0.45267416448489783,-0.20748578654329625
2019-11-15,8.25,3.375,8.358333333333334,983.8833333333336,0.0,3,1.1528853256089358,-0.3603460271807665,-0.09831820637753085,-0.528282119113725,-0.9159336394326715
2019-11-16,5.833333333333333,3.0,10.204166666666667,985.2041666666668,0.0,3,0.1734066738511757,-0.15095421814010052,-0.16049799718472058,-0.39259314506222126,-0.284720920523992
2019-11-17,5.791666666666667,3.0,9.895833333333332,986.7291666666669,0.0,3,0.09827483260349681,-0.25847874628623135,-0.0774205034787852,-0.2787654781417627,-0.3119212983655089
2019-11-18,5.166666666666667,2.7083333333333335,9.0875,984.1041666666666,0.0,3,0.0032835435292336425,-0.135493595556925,-0.10424342212021788,-0.5796713478667107,0.0413283861232991
2019-11-19,4.083333333333333,2.4166666666666665,5.329166666666665,992.0458333333336,0.0,3,-0.6236235092490292,-0.8205265760147075,0.46285737908134855,-0.09717583445138256,0.3171227709456756
2019-11-20,6.041666666666667,3.7916666666666665,4.920833333333333,989.375,0.0,3,0.49845506154596925,-0.905896404191722,-0.05725776779549851,0.14359938613497628,-0.12840607893695394
2019-11-21,7.083333333333333,4.333333333333333,8.408333333333333,985.8583333333332,0.029166666666666664,3,1.0183414053635893,-0.42194900826968534,-0.42497640089034017,0.16446900576290807,-0.4926213680169904
2019-11-22,7.0,5.666666666666667,4.554166666666667,988.6958333333333,0.0,3,1.359493735371166,-1.1029055294588868,-0.7779616831404952,0.8138326562589296,-0.28014206966107297
2019-11-23,5.541666666666667,4.583333333333333,1.8916666666666664,987.1999999999999,0.0,3,0.8272017963777671,-1.0976440678864439,-0.41520561860095195,0.28226348916354477,0.3807065557360037
2019-11-24,8.458333333333334,4.75,1.9749999999999999,986.3458333333334,0.0,3,1.7806880127850364,-1.1681536909197392,-0.27797307683160555,0.10081351568834573,-0.5801315195807691
2019-11-25,8.0,3.5416666666666665,2.3291666666666666,985.7375000000001,0.0,3,1.3206992916368654,-0.9803093590195198,0.14457592113672318,-0.41947058735617804,-0.5024667261552535
2019-11-26,8.666666666666666,2.9583333333333335,1.895833333333333,983.7125,0.0,3,1.4798454402099959,-0.8803501190456477,0.36550501501326965,-0.8730217625535502,-0.6606896428562259
2019-11-27,8.25,2.5,2.704166666666666,976.345833333333,0.0,3,1.563690149844149,-0.3550915088069279,0.13034235403492064,-1.5901532544038521,-0.3038029285380752
2019-11-28,6.083333333333333,1.0416666666666667,4.4750000000000005,972.3583333333331,0.0,3,0.6295109627112514,0.2231496662508289,0.28826044908095794,-2.3376422659548877,0.3877760883405021
2019-11-29,6.083333333333333,5.0,6.429166666666666,974.6583333333332,0.10833333333333334,3,1.7011229851744647,0.22082287115046006,-1.0343134195719266,-0.22723876979269267,0.587910028480997
2019-11-30,4.583333333333333,4.75,1.3083333333333336,989.9958333333333,0.004166666666666667,3,0.4813760891506387,-1.2662747510455727,-0.3965259623571093,0.6263194814031836,0.6518313882561887
2019-12-01,5.083333333333333,1.4583333333333333,-0.5333333333333333,994.3666666666668,0.004166666666666667,4,-0.4232836716805118,-1.386500834498123,1.3125050108840854,-0.4959052623678845,0.2022255422331266
2019-12-02,7.708333333333333,3.5833333333333335,0.3000000000000001,989.3958333333331,0.0,4,1.157092256535225,-1.3446746951228385,0.3620629262603727,-0.14219680035258025,-0.41543793636846077
2019-12-03,4.416666666666667,3.2916666666666665,-0.8416666666666665,996.1041666666665,0.07916666666666666,4,-0.060594802405139384,-1.4319376513888455,0.7934961118318403,0.6032102413914932,0.6105871024151509
2019-12-04,5.333333333333333,1.4583333333333333,-1.9208333333333334,997.9916666666669,0.0,4,-0.47338233177643324,-1.7227903049520765,1.555003806242085,-0.26945804715649796,0.05433235471703754
2019-12-05,0.125,1.7083333333333333,-2.3458333333333337,994.7249999999999,0.0,4,-1.766031344025776,-1.4089217935676093,0.8586323009386199,-0.08835880645531932,2.0181194867622385
2019-12-06,2.7916666666666665,3.0,-2.1999999999999997,988.6083333333332,0.0,4,-0.30794235616999355,-1.279056455412363,0.24452926426779048,-0.18234365377255526,1.4268949142003349
2019-12-07,6.166666666666667,3.9166666666666665,1.3916666666666666,983.4791666666666,0.004166666666666667,4,1.0469300632844587,-0.8904612089280848,-0.2311469313139209,-0.32694529138857414,0.30982304550724743
2019-12-08,6.666666666666667,4.541666666666667,6.416666666666667,981.9250000000001,0.0,4,1.2008766013513033,-0.46398584513792046,-0.740398088204071,-0.12322526862790811,-0.0890988842233404
2019-12-09,7.375,2.2083333333333335,6.104166666666668,977.4874999999998,0.004166666666666667,4,1.0071970181056107,-0.05678788532586585,0.1064411055004406,-1.49271854550512,-0.28384897904075285
2019-12-10,6.458333333333333,3.7083333333333335,2.5666666666666673,989.6833333333334,0.0,4,0.6966184555172154,-1.1314483405975366,0.12394722175318888,0.05836106098822866,-0.13668736746808566
2019-12-11,0.08333333333333333,1.9166666666666667,-2.891666666666667,989.275,0.0,4,-1.4167724322000181,-1.1764744127592575,0.5247217805896708,-0.42780553955898304,2.3016640953899272
2019-12-12,4.333333333333333,1.0416666666666667,-1.5666666666666664,978.2375000000001,0.0,4,0.10050572165104253,-0.5454683164495902,0.6677059988482115,-1.8932859776607933,1.1433504440971913
2019-12-13,6.625,2.25,3.6249999999999996,964.4083333333332,0.0,4,1.5734267092692362,0.45464747609153777,-0.5233965481357051,-2.4908733821981826,0.6588801864117146
2019-12-14,6.291666666666667,3.25,3.5,968.5708333333336,0.025000000000000005,4,1.5887334186807407,0.2126027020705626,-0.6936379794053126,-1.6780221939817126,0.7161816294805211
2019-12-15,6.833333333333333,3.5416666666666665,7.420833333333333,979.525,0.0,4,1.0448545640339348,-0.16538335172892865,-0.4645940954720612,-0.7206446350130078,-0.18186558625828922
2019-12-16,5.833333333333333,1.9166666666666667,5.520833333333332,986.2500000000001,0.016666666666666666,4,0.06993787264579943,-0.4631087203568846,0.5802467433086045,-0.8284557575310029,-0.07214703528431628
2019-12-17,6.208333333333333,1.125,1.9708333333333334,984.1916666666667,0.0,4,0.20850962006407053,-0.6448994689990597,0.9412523312488417,-1.4503004034727307,0.0356829308080099
2019-12-18,4.583333333333333,1.5833333333333333,6.262499999999999,989.7916666666666,0.0,4,-0.6379529208871977,-0.5631797876852456,0.7076163876169661,-0.6358966844078426,0.1198613343170336
2019-12-19,6.166666666666667,2.5416666666666665,2.9875000000000003,993.5916666666667,0.0,4,0.0649057736386236,-1.1931214999632507,0.7604895159435535,-0.1063367133710677,-0.2999305761208403
2019-12-20,3.5833333333333335,2.9583333333333335,8.316666666666665,977.8624999999998,0.0,4,-0.0432593036815063,0.17476376811655667,-0.6181948205523099,-0.8676592529530923,0.903349152921114
2019-12-21,6.625,3.4583333333333335,10.641666666666666,967.0291666666666,0.10833333333333334,4,1.617000714339812,1.1109303283399201,-0.8835474452976547,-1.4156599860033443,0.3327510723726746
2019-12-22,7.291666666666667,2.9583333333333335,6.191666666666666,962.35,0.22083333333333333,4,2.3110599131640734,1.3252377927755556,-0.3499220200472615,-1.8860643224223281,0.7074506305891327
2019-12-23,8.0,3.125,5.179166666666666,969.6749999999998,0.6333333333333333,4,2.917214835689188,1.9730030486703263,1.190595925866325,-0.46661377381466823,0.8310484300090035
2019-12-24,7.458333333333333,4.208333333333333,4.933333333333333,981.3833333333337,0.21250000000000002,4,1.788682040307877,0.04337366758795157,0.09463193648654158,0.052502407475756074,0.03638220065878574
2019-12-25,7.625,1.4166666666666667,3.258333333333334,982.3791666666671,0.025000000000000005,4,0.7823989616855863,-0.44462562165665775,0.8709779773541957,-1.4805065263479982,-0.40592891190844005
2019-12-26,7.416666666666667,4.458333333333333,3.0833333333333335,990.9458333333336,0.1125,4,1.2856148058079822,-0.93860252465313,0.247242250499229,0.6528920752479788,-0.3400456326782704
2019-12-27,7.375,4.208333333333333,2.029166666666667,993.9749999999999,0.020833333333333332,4,0.950485478608224,-1.429825127044081,0.2824535755667832,0.5727859392665258,-0.5263760560438457
2019-12-28,7.958333333333333,4.708333333333333,-0.0291666666666666,1003.4250000000001,0.025000000000000005,4,0.8887909303557768,-2.1728300186972693,0.6781610933405804,1.4406853418984455,-0.9346704244982649
2019-12-29,7.916666666666667,2.0,-1.3416666666666668,1008.5750000000002,0.0,4,-0.11985457471048346,-2.392977377048501,2.0427656382948918,0.6184475443921598,-1.2603963156605218
2019-12-30,6.541666666666667,3.1666666666666665,0.12500000000000014,1003.4083333333333,0.0,4,-0.010606783470302302,-2.039738884639864,1.124607607221978,0.83130231431068,-0.596835628173397
2019-12-31,6.083333333333333,6.625,4.433333333333333,995.6166666666668,0.0,4,1.0083904856293906,-1.5399319467036423,-0.9169194918460655,1.8072827773978664,-0.17242083701323715
