data,Visibility,Cloud_cover,Wind_speed,Temperature,Pressure,Precipitation,Insolation,Season,comp_0,comp_1,comp_2,comp_3,comp_4,comp_5,comp_6
2019-01-01,16424.041666666668,7.291666666666667,6.75,5.2541666666666655,1003.3291666666668,0.10833333333333334,0.008333333333333333,4,2.0649533883520883,-0.09073141071291435,1.73025296868939,0.0911644763580013,-0.16053355527386776,0.20710377133758537,0.026939046134326655
2019-01-02,13396.958333333334,7.0,9.583333333333334,1.7458333333333336,1010.4458333333333,0.30416666666666664,0.0,4,2.7294967942197315,-0.24811159901105106,2.953825158351891,1.679296181918586,1.2406885929243174,1.2013030092572559,0.04110551736600406
2019-01-03,14534.375,6.375,8.083333333333334,0.7458333333333335,1023.7791666666664,0.10833333333333334,0.0375,4,1.6392825198674215,-1.5149630570469088,1.628360644475717,1.8423648108813941,0.2655984951559821,1.0652095305227538,-0.028207014349466555
2019-01-04,14277.708333333334,7.583333333333333,3.4166666666666665,0.4916666666666667,1018.7125000000001,0.012500000000000002,0.0,4,1.5961288031303547,-0.7127162869845974,-0.9522617767451699,0.8098457699134073,-0.8721724969704623,-0.3698923755798633,0.24089097891611805
2019-01-05,18373.666666666668,6.875,6.375,3.141666666666666,1012.9791666666665,0.12916666666666668,0.10000000000000002,4,1.3242961019673507,-0.37220988719675074,1.473866030485689,0.9806553121628895,-0.2240830569113638,0.013835703240856983,0.3229398251188626
2019-01-06,18910.958333333332,7.125,4.541666666666667,-0.8791666666666665,1024.2166666666665,0.004166666666666667,0.0,4,1.1320263236652859,-1.242545580226905,-0.008718080713063537,1.4842526617185348,-1.233467635765281,-0.4846533687172243,0.15186065894868134
2019-01-07,10077.166666666666,7.875,4.208333333333333,-0.3666666666666664,1022.0458333333331,0.029166666666666664,0.0,4,2.0514247076201158,-1.0240267650727173,-1.065111122738357,1.0858914835400784,-0.3479981042867866,0.3965873217499972,0.3282198135628302
2019-01-08,3951.0833333333335,8.0,6.208333333333333,0.9250000000000002,997.7041666666668,0.041666666666666664,0.0,4,3.566046529561447,-0.6350347131995154,0.13794384145284164,-0.9117074798694899,1.0440642150929413,0.94133858514222,0.3382457046398624
2019-01-09,5075.333333333333,8.0,3.3333333333333335,0.6166666666666668,1003.6999999999998,0.020833333333333332,0.0,4,2.928107629900752,-0.29588846717719797,-1.5319381661816664,-0.6606281590590726,0.3837152673607557,0.11793818080575334,0.3677992030259313
2019-01-10,8255.0,7.541666666666667,3.125,-1.6166666666666665,1017.4791666666669,0.004166666666666667,0.0,4,2.1843284821136404,-0.9306621532589443,-1.747945276447625,0.5256319225891624,-0.13464946151834645,-0.036430795282263465,0.29797163514956443
2019-01-11,9526.5,6.583333333333333,4.416666666666667,-0.6124999999999998,1009.9458333333333,0.029166666666666664,0.049999999999999996,4,2.0831857545778627,-0.8498148070644004,-0.6079008652091751,0.05828384159595893,0.4064170712849313,-0.06190109465210768,0.1825387091975295
2019-01-12,15282.541666666666,5.625,3.5833333333333335,1.15,1002.6458333333335,0.0,0.029166666666666664,4,1.461743359008351,-0.4403296541172345,-0.227993095480422,-0.5694086732296639,-0.15322436606172923,-1.1528038120541764,-0.19683441683159122
2019-01-13,18611.916666666668,6.75,3.9166666666666665,3.5124999999999997,986.5583333333334,0.012500000000000002,0.029166666666666664,4,1.9289725130585675,0.4293936529976344,0.8164785997849336,-1.6989980575559502,-0.5186165813059198,-1.6397339157738182,0.09169829028787203
2019-01-14,19728.125,6.166666666666667,7.708333333333333,2.016666666666666,985.9000000000001,0.07083333333333333,0.1125,4,2.0816669397660865,-0.24066115287481782,3.1273144457295876,-1.2471883669796278,0.36478319030910616,-0.7960634290565763,0.268898543008269
2019-01-15,17326.708333333332,4.333333333333333,6.708333333333333,2.1958333333333324,996.1500000000002,0.029166666666666664,0.23749999999999996,4,0.9726698532340736,-0.8116984029350633,2.0092343493754745,-0.9268772842641103,0.8514857293743564,-0.6261106083514746,0.15361556807585364
2019-01-16,16285.041666666666,7.0,3.8333333333333335,3.3666666666666667,999.6124999999998,0.0625,0.0,4,1.8634524752485384,0.2669046992021269,0.16532231112721105,-0.5150986358264116,-0.45533998207662013,-0.9880943727892184,0.026490529323813208
2019-01-17,19948.291666666668,7.125,5.125,4.316666666666666,994.0166666666665,0.0,0.0,4,1.8350472121042032,-0.022383803210753096,1.375465916083432,-1.0362097168774491,-0.8839331314020294,-1.032515533851742,0.022434516411399614
2019-01-18,19380.125,4.291666666666667,5.5,0.42916666666666675,1006.9458333333333,0.06666666666666667,0.16666666666666666,4,0.615872707007747,-0.7731871028530302,1.258579544415974,0.1967343499689172,0.34290015086603903,-1.0537145224870426,-0.04608712085316544
2019-01-19,18091.291666666668,4.583333333333333,4.208333333333333,-0.6333333333333332,1016.8250000000002,0.0,0.19583333333333333,4,0.22658108068006685,-1.2357989424407847,0.021284434525760402,0.5935240977534283,-0.08012406751364023,-0.9706581756501091,0.1536284889325591
2019-01-20,15188.708333333334,4.958333333333333,3.7916666666666665,-0.6458333333333334,1016.9375,0.004166666666666667,0.15833333333333333,4,0.604453123196141,-1.1399397408509402,-0.5342298319912839,0.5309946460778825,0.05714864094162371,-0.7601570774382139,0.11782971444775178
2019-01-21,10525.375,5.75,3.3333333333333335,-2.108333333333333,1018.125,0.0,0.0,4,1.5876289093141736,-1.2005968617471172,-1.381140541568054,0.6160204911255133,0.09501791321332474,-0.44976805204357023,-0.19583998222355598
2019-01-22,3171.6666666666665,5.333333333333333,5.041666666666667,-4.483333333333333,1013.9250000000001,0.0,0.0,4,2.5522369685074366,-1.812187993143241,-1.1143717509860696,0.21349527493286083,1.4269280615971478,0.4751899848790299,-0.25513641952862376
2019-01-23,6430.208333333333,0.041666666666666664,3.125,-6.050000000000001,1010.8291666666668,0.0,0.3041666666666667,4,0.11639083261123247,-1.916810411169437,-1.5819126124337184,-0.37870298513416206,2.805598106545793,-1.2417349102035296,-0.5470931427431077
2019-01-24,8040.208333333333,0.9583333333333334,2.7916666666666665,-7.941666666666666,1016.0083333333332,0.0,0.1375,4,0.5592334026522225,-2.0031716753649618,-1.8039615490164527,0.29613137199597783,2.041470710072601,-1.4494177904034768,-0.8243009689957197
2019-01-25,12573.625,6.541666666666667,2.4583333333333335,-6.195833333333333,1012.9708333333333,0.008333333333333333,0.0,4,1.9185623437080144,-0.9644826581163561,-1.5099175257754114,0.44614693479049633,-0.18800507278958908,-1.3728533773891398,0.24265571210450654
2019-01-26,4844.0,7.875,3.125,-4.2333333333333325,1003.7916666666669,0.0,0.0,4,3.1378106022134165,-0.733901139277802,-1.7227373189131634,-0.5772874813397222,0.5141389420533329,-0.3254063567693607,0.5316190430010762
2019-01-27,2816.0,8.0,7.5,-1.729166666666667,994.8458333333334,0.016666666666666666,0.0,4,4.032997437820046,-1.18214710046326,0.7699769157711749,-1.0948963292402523,1.3979684385118203,1.1633185489544657,0.4313367177136507
2019-01-28,4417.541666666667,7.416666666666667,5.416666666666667,0.6458333333333334,992.2083333333334,0.016666666666666666,0.0,4,3.466131140768937,-0.4871441171110457,-0.09788130210239,-1.4904689144444214,1.080761292885083,0.37303478351531233,0.20350796588980988
2019-01-29,8692.0,7.25,2.875,-0.016666666666666653,998.1708333333331,0.1416666666666667,0.008333333333333333,4,2.701109962544205,0.5820307101801176,-1.070965534093393,-0.4959780676129386,0.6581418044693258,-0.8305546609740447,0.2779963630688441
2019-01-30,9341.458333333334,4.708333333333333,3.2083333333333335,-1.4166666666666667,1005.125,0.0,0.23333333333333336,4,1.1701462376154874,-0.8560986202656075,-1.118575808852157,-0.697141221614091,1.0849356807553203,-0.7936325440023875,0.37407080469972964
2019-01-31,4299.958333333333,7.875,3.1666666666666665,-0.3375000000000001,1004.2916666666665,0.041666666666666664,0.0,4,2.9908511826184516,-0.26360692216707465,-1.7046537463760048,-0.5320080175260601,0.576906976321573,0.05985097546735298,0.3743521698116254
2019-02-01,3305.9583333333335,7.041666666666667,3.9166666666666665,-1.6333333333333335,1002.6875,0.0,0.04583333333333334,4,2.919148852850496,-0.8102123681021074,-1.3827984613740425,-0.8308466004707109,1.0123774104179222,0.181536426544215,0.33795928869427094
2019-02-02,5933.041666666667,7.875,3.1666666666666665,1.5374999999999999,997.7041666666668,0.125,0.0,4,3.0492031219550033,0.5662891341563859,-1.218896271229143,-0.7162476420520151,0.7324290320154289,-0.24587564018558578,0.34452677302558626
2019-02-03,14581.208333333334,8.0,3.0,2.0708333333333333,1008.6624999999998,0.0,0.0,4,1.8610389471730782,-0.19703618461255593,-0.8536621930290232,-0.09733809480439151,-0.9688713976649669,-0.692896528933371,0.3291710336825867
2019-02-04,18764.166666666668,5.791666666666667,4.5,0.7208333333333333,1022.8916666666665,0.08750000000000001,0.016666666666666666,4,0.7937183351524406,-0.7717397483148777,0.12573083226413376,1.6037227091362756,-0.592380039732697,-0.6095060578889007,-0.21342311014409832
2019-02-05,10458.208333333334,6.958333333333333,6.25,0.15416666666666665,1022.2958333333335,0.0,0.0,4,1.978060277047213,-1.6985353700030126,0.078152036227976,1.0795275908900803,-0.017979907035194344,0.95562512081809,0.00875874645080196
2019-02-06,14302.458333333334,6.833333333333333,3.7083333333333335,2.004166666666667,1022.1166666666664,0.029166666666666664,0.020833333333333332,4,1.2050480871978844,-0.7694649432266496,-0.8487359193045301,1.0683587239338934,-0.6710206590163852,-0.1310709934688284,0.02775262945673558
2019-02-07,6360.208333333333,7.375,5.708333333333333,0.8083333333333335,1012.9416666666666,0.049999999999999996,0.14583333333333334,4,2.2666340381454835,-1.008831775807433,-0.2999348805212353,0.24693369694333317,0.8311736053393316,1.0266729634060747,0.6733362789096189
2019-02-08,9771.5,4.833333333333333,4.541666666666667,2.691666666666667,1011.6708333333332,0.0,0.20416666666666664,4,0.9608938930547687,-1.044221088210621,-0.5238135546811588,-0.21456950581013698,0.8509265240101257,0.15416027512189814,0.09427141934906061
2019-02-09,13604.166666666666,6.125,6.625,3.1374999999999997,1004.0875,0.0,0.004166666666666667,4,1.9962386955250473,-1.0034395906537386,1.2169926641202864,-0.3620205372645026,0.1464762317021572,0.24823045760650475,-0.2778082140722349
2019-02-10,16866.0,5.875,6.708333333333333,4.737500000000002,998.9458333333336,0.07083333333333333,0.17500000000000002,4,1.3627828482992839,-0.3341638867116876,1.8967380948348875,-0.5510806898326525,0.39578504347162197,-0.13101205868454296,0.2616976943792486
2019-02-11,15051.916666666666,7.25,5.333333333333333,4.020833333333333,996.2541666666665,0.09166666666666666,0.0,4,2.3062767700122855,0.2451012675564351,0.9927300080471135,-0.621978281156379,-0.053866693204445995,-0.43809410514781066,0.06548383173155074
2019-02-12,20000.0,4.416666666666667,5.75,1.625,1017.6583333333333,0.004166666666666667,0.11249999999999999,4,0.29614348502608295,-1.394548140617794,1.0577769523550329,0.8151839985331241,-0.2756339232329637,-0.530421201717451,-0.3108588547193118
2019-02-13,16894.916666666668,3.625,6.166666666666667,4.345833333333333,1021.1916666666665,0.0,0.24166666666666667,4,-0.22386925283479575,-1.5842687340078896,0.8875722256482999,0.7609876966118985,0.36625266839593695,0.24028907942728375,-0.20639617165958488
2019-02-14,16375.625,5.708333333333333,3.4166666666666665,5.983333333333332,1029.4416666666668,0.0,0.025000000000000005,4,0.22460989971519424,-0.8868836710630399,-0.9996627347847393,1.383764070814797,-1.019976765891987,0.027673889264208745,-0.4677711763518139
2019-02-15,8914.958333333334,6.833333333333333,3.25,4.583333333333333,1029.2041666666667,0.0,0.0,4,1.2338842843534412,-0.9719765725887425,-1.9252560703677872,1.1981043673333611,-0.4656805302240638,0.7757204896075607,-0.2039728128689789
2019-02-16,10246.0,0.4583333333333333,3.8333333333333335,3.483333333333334,1022.8624999999998,0.0,0.3625,4,-1.0896666267315105,-1.6569102280977897,-1.0943659215942636,0.34570670528378084,1.86814975146793,-0.13563810793461278,-0.6422207374343325
2019-02-17,8279.541666666666,5.916666666666667,2.0833333333333335,4.800000000000001,1021.3249999999999,0.0,0.012500000000000002,4,1.1349956978941496,-0.5510707071934299,-2.373831080978862,0.43365575972106907,-0.1272916625313814,0.11237434269485785,-0.39562146634811357
2019-02-18,3510.3333333333335,5.166666666666667,3.5416666666666665,3.995833333333333,1019.8333333333334,0.0,0.12083333333333333,4,1.3074639273396762,-1.0725993809376715,-2.01554972747007,0.16436957603947802,1.0255678352951607,0.9113566746082857,-0.21112880221266533
2019-02-19,9181.041666666666,4.583333333333333,4.416666666666667,4.758333333333334,1009.3999999999997,0.0,0.275,4,0.699857720610807,-0.8371965387357999,-0.5595586489377369,-0.5654993834678076,1.0526336520511417,0.2689251593560558,0.20325482395774833
2019-02-20,19172.958333333332,6.875,5.166666666666667,5.379166666666666,1013.1708333333331,0.06666666666666667,0.03333333333333333,4,1.1108949757514732,-0.25970761194824127,0.8191459179850924,0.6492366550134936,-0.8595294231663502,-0.24094556587478455,-0.016572848758266926
2019-02-21,10324.75,7.833333333333333,3.7083333333333335,1.4375,1019.3625000000001,0.2416666666666667,0.0,4,2.1379283197093253,0.44926517270782407,-0.9748584528233698,1.6691979000779626,0.2757260224031943,0.11882534231025679,0.3118621704290753
2019-02-22,19134.75,0.6666666666666666,4.166666666666667,-1.8583333333333332,1038.4708333333335,0.008333333333333333,0.40416666666666673,4,-2.042227052118107,-2.381337988467825,-0.44373960603458257,2.128306143299753,0.8032296104230554,-0.8439161166009075,-0.2165291375668931
2019-02-23,17571.541666666668,6.458333333333333,2.9166666666666665,-1.5624999999999998,1041.6833333333334,0.0,0.029166666666666664,4,0.2513972375682902,-1.614426062437539,-1.5756632945974243,2.671157902380342,-1.389724120898658,-0.3645448401001107,0.0554536067664126
2019-02-24,19442.875,3.75,3.0833333333333335,4.716666666666666,1032.8208333333334,0.0,0.275,4,-1.2682652645193773,-1.1799957301726376,-0.8848253447817304,1.5311896620394563,-0.5288779078303403,-0.532267987608878,-0.04936099200042976
2019-02-25,9705.791666666666,4.833333333333333,3.2083333333333335,3.320833333333334,1029.4458333333334,0.0,0.03333333333333333,4,0.6433630508332455,-1.2608903043321826,-1.834123362376286,1.2030102510850607,0.059061381712071696,0.34851050836183717,-0.6028828541019213
2019-02-26,19697.541666666668,1.8333333333333333,4.958333333333333,4.625,1026.3874999999998,0.0,0.4083333333333334,4,-1.678948493770012,-1.6084223078566315,0.4285518742674248,0.9950901261438347,0.5171930501342479,-0.38629436424158814,-0.10896183133629697
2019-02-27,16605.875,1.7083333333333333,4.375,6.5625,1018.1041666666669,0.0,0.38749999999999996,4,-1.3062800481376577,-1.1431038723856717,0.03647126112429657,0.13273958877485345,0.896874794107599,-0.39076479565790856,-0.28359816174592856
2019-02-28,14628.041666666666,2.375,4.708333333333333,5.608333333333333,1003.0833333333331,0.0,0.32083333333333336,4,-0.20762536077938892,-0.7653127835481991,0.4383685419093676,-0.9877153400304339,1.2123434728240616,-0.6249235178980312,-0.26323581814893665
2019-03-01,20000.0,5.5,4.041666666666667,1.7249999999999999,1009.9291666666667,0.0,0.09166666666666667,1,0.6626786293840068,-0.6603710011736117,0.3272802793456,0.1260775148827099,-0.6719180659026869,-1.2004455115947992,-0.034685777414570226
2019-03-02,17301.625,2.8333333333333335,3.4583333333333335,1.1166666666666667,1012.8708333333334,0.0,0.40833333333333327,1,-0.7759839352957948,-1.0320315990566686,-0.2793327116254248,-0.08181258482928137,0.7290586806186291,-1.2434137065700603,0.37854045343073917
2019-03-03,12005.875,7.25,4.25,5.120833333333333,1001.7333333333332,0.012499999999999999,0.004166666666666667,1,2.095296862162696,-0.09659068539893857,-0.18642518734583782,-0.7466936598428318,-0.2412312392994726,-0.1127626482530835,-0.002220990530251239
2019-03-04,16594.75,5.958333333333333,5.708333333333333,8.58333333333333,989.1458333333331,0.13333333333333333,0.037500000000000006,1,1.828313379351304,0.836701502465587,1.6877287847041507,-1.174974219723668,0.33621255219999036,-0.5256480170868632,-0.32668039933139004
2019-03-05,17114.5,7.625,7.75,4.995833333333333,992.4000000000001,0.21250000000000002,0.0,1,2.705584654009783,0.6295903759816747,2.802202233114563,-0.2163995193709427,0.35421502385597964,0.00905825587288364,0.15496995574829803
2019-03-06,17214.958333333332,7.333333333333333,4.208333333333333,3.5000000000000004,1009.3708333333333,0.07916666666666666,0.06666666666666667,1,1.4163947174781453,0.01533111937178077,0.19724603067616622,0.3330101301340476,-0.6405992726592236,-0.5608465948201232,0.3373570345454676
2019-03-07,18902.916666666668,6.875,5.958333333333333,7.575,997.5499999999997,0.0,0.004166666666666667,1,1.6481289279922462,-0.13489768948281153,1.6353935881982178,-0.8798232768330472,-0.770175195739007,-0.2929517584121149,-0.19722652607077681
2019-03-08,20000.0,3.3333333333333335,8.375,6.458333333333333,999.1583333333333,0.016666666666666666,0.12916666666666668,1,0.6604800310184977,-1.0838904400628033,3.1338780198301284,-0.6535408242179016,0.5975146931294586,-0.08615497589641632,-0.7382564820986252
2019-03-09,18591.583333333332,5.791666666666667,5.5,4.3374999999999995,1000.6166666666664,0.10833333333333332,0.0625,1,1.3642425942463037,0.09075173317627719,1.3923076706910973,-0.17904618605677985,0.002467122018779617,-0.7506868457042889,-0.13489990197935847
2019-03-10,18806.875,6.541666666666667,5.625,4.116666666666667,995.8208333333333,0.24166666666666667,0.125,1,1.6662902365297028,0.9974469928794216,1.7804554618711743,0.0012624641834922496,0.44016437492741634,-0.8948596694818343,0.37188872759428887
2019-03-11,18478.166666666668,3.5,4.583333333333333,1.9333333333333338,1003.8708333333333,0.024999999999999998,0.40416666666666673,1,-0.2820805596715774,-0.7051814128696602,0.7637083096115024,-0.5782389095591569,0.7808405089576855,-1.199820105379352,0.5467550919747338
2019-03-12,19230.708333333332,3.8333333333333335,4.5,2.0,1012.4708333333333,0.004166666666666667,0.2625,1,-0.19312524442737253,-1.0092725843066674,0.48281414046059307,0.15003837747465307,0.13500728638727705,-1.001713603412189,0.08820606102495249
2019-03-13,17889.125,6.625,6.25,4.679166666666666,1001.1125000000002,0.016666666666666666,0.05833333333333333,1,1.6115365472999192,-0.48718836938166027,1.593362458173062,-0.4842183245667462,-0.3806009334652829,-0.23064473295007423,0.03832301857155226
2019-03-14,19459.0,5.875,6.708333333333333,5.829166666666668,995.1458333333335,0.008333333333333333,0.12083333333333335,1,1.3136206984145857,-0.4117799081053292,2.2195216345550888,-1.0197672854753939,-0.15992774094197354,-0.42875041449627793,0.02128248751344638
2019-03-15,15886.708333333334,7.166666666666667,4.75,5.454166666666667,991.391666666667,0.008333333333333333,0.012500000000000002,1,2.123788165780746,0.19560668970012018,0.8266476434106912,-1.4291934765019785,-0.41438272536755566,-0.7086110722056496,0.03111227691396372
2019-03-16,17486.166666666668,6.75,5.916666666666667,4.8375,995.8166666666667,0.3333333333333333,0.07083333333333335,1,2.047378107527796,1.4776161208706171,1.8952397240901528,0.3768260657291659,0.7713498616391731,-0.6614890528613406,0.21646038030053724
2019-03-17,17113.708333333332,7.291666666666667,5.208333333333333,7.899999999999999,998.0791666666668,0.020833333333333332,0.0375,1,1.6958633106386065,0.15725170730797736,1.0359775161031377,-0.8884255148717478,-0.6670758367719588,-0.24094794473718187,0.03880509071333872
2019-03-18,20000.0,6.25,6.291666666666667,5.283333333333334,1004.8666666666668,0.004166666666666667,0.125,1,1.0034339728051063,-0.6441269252388669,1.736308841569183,-0.25046168402863334,-0.5517815476126675,-0.27199609495630733,0.1444261141463322
2019-03-19,19858.416666666668,2.2916666666666665,3.7916666666666665,3.658333333333333,1019.229166666667,0.012499999999999999,0.3666666666666667,1,-1.3026427104195768,-1.063141827416283,0.01776096769982261,0.499308537851992,0.3841446938468143,-1.0694941196808556,-0.04923015511440614
2019-03-20,19211.916666666668,4.583333333333333,4.541666666666667,5.6375,1027.4541666666667,0.0,0.35000000000000003,1,-0.9449194119096601,-1.189421236133814,0.05876910322590932,1.1271044676801754,-0.3537518374681284,-0.02830512726401949,0.4278170118694148
2019-03-21,14363.916666666666,6.75,5.708333333333333,8.700000000000001,1027.3916666666669,0.0,0.17500000000000002,1,0.42817119614407423,-1.0800236754989387,0.12556748621582955,1.1093344118130726,-0.6029762688707697,1.305089044318455,0.2435909480167966
2019-03-22,16020.541666666666,4.375,3.7083333333333335,5.9750000000000005,1030.775,0.0,0.35000000000000003,1,-0.9701512103773755,-1.171564374840789,-0.8418073203847224,1.2012854594160924,-0.11061536180613073,0.17003993061704273,0.3403526560095802
2019-03-23,13402.958333333334,5.041666666666667,5.041666666666667,7.641666666666668,1023.8333333333331,0.0,0.2625,1,-0.05742714733678208,-1.1000254435066417,-0.196039122782497,0.6719856714420261,0.12049048240129398,0.8108832456993507,0.13321360400206925
2019-03-24,18092.125,4.958333333333333,3.375,5.141666666666667,1020.6208333333335,0.0,0.31666666666666665,1,-0.5570572973584837,-0.7229874853541238,-0.509759254249807,0.5315697784243654,-0.36896305997264306,-0.5223008385258218,0.46488428669668647
2019-03-25,18672.541666666668,6.208333333333333,2.875,3.233333333333333,1011.6208333333334,0.004166666666666667,0.13333333333333333,1,0.553383249844503,-0.2766642329348355,-0.5039375082097097,0.0853495778299976,-0.8573413923379173,-1.1382750171466043,0.2658676690944708
2019-03-26,19380.833333333332,4.375,5.5,2.795833333333333,1015.6791666666664,0.020833333333333332,0.2291666666666667,1,0.0033528962646892477,-1.126570233159456,0.9589698086485018,0.5537898361630316,0.011192156812895093,-0.4836968991074254,0.0706155479614063
2019-03-27,19682.375,4.833333333333333,3.625,4.854166666666667,1023.2833333333333,0.0,0.22916666666666666,1,-0.5197378300836639,-0.8599033425933428,-0.29483143753003604,0.8887655703149341,-0.666138504347985,-0.5953376289374308,0.11225448058785814
2019-03-28,11908.291666666666,5.916666666666667,2.0416666666666665,6.325,1028.0500000000002,0.0,0.28750000000000003,1,-0.21925170673654745,-0.5984202611248937,-2.1576899489808588,0.8164823353353584,-0.30727827973060534,0.1851284651317159,0.5525186878477547
2019-03-29,17919.333333333332,4.333333333333333,5.083333333333333,9.683333333333334,1026.2541666666666,0.0,0.44166666666666665,1,-1.2713407271644552,-1.0387686697146026,0.2950369769063163,0.785135880663827,-0.0462030728372027,0.581638555969157,0.5160574478889128
2019-03-30,11671.041666666666,3.125,3.125,9.804166666666665,1019.2458333333337,0.0,0.4708333333333334,1,-1.1564582749984853,-0.6205133780114466,-1.216539503744123,-0.1799747736916056,0.9301117592289713,0.2630009056701191,0.28981008270347003
2019-03-31,17408.958333333332,2.75,4.166666666666667,6.412499999999999,1017.7916666666665,0.0,0.425,1,-1.2224786902082179,-0.9737623746529794,0.004176580412689563,0.1328557767888402,0.5722361995179034,-0.4220232030746953,0.1696261886988681
2019-04-01,16718.583333333332,1.375,3.0833333333333335,3.9499999999999997,1028.2375,0.0,0.4583333333333333,1,-1.9395448545924292,-1.4093151813038134,-0.9698784398181441,0.8868349778849403,0.8152774947191633,-0.6839042737206922,-0.022648699355408676
2019-04-02,20000.0,0.0,7.958333333333333,6.520833333333333,1021.4249999999998,0.0,0.49583333333333335,1,-1.9715138434286483,-2.1788460609719156,2.322950486458537,0.6096099791644446,1.5055098842056387,0.3165265946187237,-0.41612238264171414
2019-04-03,18333.333333333332,2.4583333333333335,7.833333333333333,9.404166666666669,1011.7666666666668,0.0,0.46249999999999997,1,-0.9934926499847764,-1.3997925266946507,2.3346154262262186,-0.2265268854508559,1.0676761588219326,0.6473085230511662,0.07470986810517939
2019-04-04,19768.166666666668,1.25,6.5,10.70833333333333,1007.7416666666667,0.0,0.47083333333333327,1,-1.527830525531769,-0.9761086847552473,1.9110980095565306,-0.6732195168638745,1.104968220046029,-0.10145131762104975,-0.26375830697665814
2019-04-05,20000.0,0.0,4.291666666666667,11.641666666666666,1009.8791666666667,0.0,0.4791666666666667,1,-2.2663975528075015,-0.6107900349835605,0.6853228212028404,-0.721326656786938,1.0761535645321132,-0.8165749371731928,-0.6117368929265219
2019-04-06,19592.5,0.4583333333333333,3.4166666666666665,10.816666666666665,1011.9041666666667,0.0,0.44999999999999996,1,-2.168554760470219,-0.49701772397405086,0.07981142941264859,-0.5638113092197024,0.8373478530059701,-1.0008262688822482,-0.549386369456022
2019-04-07,9401.791666666666,0.08333333333333333,2.5,7.574999999999998,1008.6500000000001,0.0,0.49166666666666664,1,-1.3795801170277497,-0.6694721829554416,-1.4330932278266504,-1.1593415788050656,2.2374090041066874,-0.613310518871981,-0.38777231025406145
2019-04-08,14736.083333333334,4.541666666666667,5.083333333333333,4.908333333333332,1011.7166666666664,0.0,0.2125,1,0.40908171755833916,-0.9382263000100659,0.32973871437266755,-0.10133357179860288,0.3588419703595955,-0.05228280266462815,-0.03895703624356692
2019-04-09,19507.083333333332,4.208333333333333,4.5,3.3333333333333335,1015.7916666666666,0.0,0.325,1,-0.48141194876163323,-1.0021730092332968,0.4162781504614154,0.3150297158000087,-0.024251114620732667,-0.729521556498431,0.36160236138029855
2019-04-10,20000.0,6.625,3.9583333333333335,3.2125000000000004,1018.7666666666669,0.0,0.13749999999999998,1,0.4279779802823854,-0.7038808135180481,0.004558072288576707,0.7576727734145928,-1.1336460372353778,-0.6362624947905984,0.3714086028579077
2019-04-11,18200.958333333332,7.0,4.75,2.5833333333333335,1023.5208333333334,0.09583333333333333,0.0,1,1.0955871359074925,-0.5500537299522,0.17752349762775754,1.6625242945940908,-0.8917872095181691,-0.15716974877525602,-0.009208616480733107
2019-04-12,20000.0,4.416666666666667,5.916666666666667,3.2416666666666667,1026.2291666666667,0.0,0.19999999999999998,1,-0.30124748970047105,-1.6212639116259617,0.9043637524890236,1.3517745290346068,-0.3568566669466575,-0.005172284972131727,-0.08478237035136496
2019-04-13,20000.0,1.7916666666666667,5.833333333333333,3.220833333333333,1026.1041666666663,0.0,0.49166666666666664,1,-1.7479458451540284,-1.9026318740665438,0.9578749729229755,1.0287660073196934,0.7849506206829671,-0.24283875122612697,0.23762079513016296
2019-04-14,20000.0,2.8333333333333335,6.333333333333333,5.375,1027.7583333333334,0.0,0.5166666666666666,1,-1.6734393021954943,-1.8036164364626843,1.1785286992153186,1.1205671087457878,0.5023313012670938,0.2899603357940382,0.5293729178996703
2019-04-15,16044.916666666666,1.9166666666666667,4.416666666666667,5.166666666666667,1028.7541666666666,0.0,0.5166666666666666,1,-1.8348334866323404,-1.5977364527995213,-0.3192569729671833,0.9138677100116697,0.9519788518964685,0.016065189866788027,0.2776066790956204
2019-04-16,20000.0,2.9166666666666665,4.625,6.399999999999999,1027.7083333333333,0.0,0.5041666666666668,1,-1.8797909150187635,-1.3346983079694643,0.24216340829625913,0.9789065234124934,0.21569888188491587,-0.1567654152366917,0.48561004779844075
2019-04-17,20000.0,0.125,4.458333333333333,7.912500000000001,1028.7916666666665,0.0,0.5291666666666667,1,-2.7760864447071554,-1.5205843426636863,0.18162739126401403,0.8872736946111167,0.9003332817443144,-0.37838276564497747,-0.29417422801176446
2019-04-18,19821.833333333332,0.125,3.5416666666666665,8.354166666666666,1032.5624999999998,0.0,0.5291666666666667,1,-3.022485006447053,-1.4083952577284329,-0.4553989792208979,1.101211459991133,0.7187443498265651,-0.4780296817449891,-0.3136832915193305
2019-04-19,19609.375,0.0,3.8333333333333335,7.716666666666666,1033.6625000000001,0.0,0.5291666666666667,1,-3.002503365879238,-1.5730954146975462,-0.35286862497595384,1.2198621237886025,0.8128435740729901,-0.3939774947376052,-0.33093260746547243
2019-04-20,20000.0,3.4583333333333335,3.9166666666666665,8.654166666666667,1029.9500000000003,0.0,0.525,1,-2.0879490888411487,-1.0290995757034178,-0.2108459380797549,1.0226376640206236,-0.10478472760116432,-0.03723405541405806,0.626429993170704
2019-04-21,19172.291666666668,0.7916666666666666,3.5,8.566666666666668,1022.0416666666665,0.0,0.5333333333333333,1,-2.4832786490088683,-0.9864908760765977,-0.23633841731978864,0.25743095920509595,0.8166687707755182,-0.6883071307613831,-0.08404214414676021
2019-04-22,20000.0,0.9583333333333334,4.041666666666667,11.449999999999998,1022.5916666666664,0.0,0.5000000000000001,1,-2.5304262401880493,-0.8794920261167728,0.14185623880990353,0.283826093105579,0.5815551379825086,-0.3398630737042108,-0.28558282462041956
2019-04-23,19569.166666666668,0.20833333333333334,8.458333333333334,14.579166666666667,1020.6458333333335,0.0,0.5125000000000001,1,-2.2908636728059912,-1.6692310883187398,2.6181824450187534,0.24497474022370763,1.3234833640357557,1.197167408677646,-0.6389324725111514
2019-04-24,20000.0,3.6666666666666665,9.125,15.987499999999999,1014.5500000000001,0.0,0.5208333333333334,1,-1.2898725018143598,-1.1451283364957707,3.1632698495679166,-0.12869077507686477,0.5228866552288202,1.6935198022032485,0.34510620951529103
2019-04-25,19565.166666666668,2.4583333333333335,4.583333333333333,18.500000000000004,1012.3708333333337,0.0,0.49583333333333335,1,-2.0985101926927943,-0.008776650021413594,0.7164714164631368,-0.7247825208439584,0.2501011272314123,0.29034502731972306,-0.14084296767936128
2019-04-26,18342.458333333332,1.5416666666666667,2.4583333333333335,17.662499999999998,1009.0499999999997,0.0,0.525,1,-2.404878305526082,0.3901037754200933,-0.4660961259158186,-1.1852576359755875,0.5111598108872286,-0.5325981668726357,-0.2309811282501927
2019-04-27,15818.291666666666,5.875,2.875,13.270833333333334,1006.5291666666667,0.0,0.47500000000000003,1,-0.6204539358774803,0.4722906030722989,-0.5459719041870069,-1.1003916632016963,-0.1717125559482057,-0.0738684151846149,1.014220959204193
2019-04-28,14429.708333333334,7.458333333333333,2.5,10.358333333333336,1011.8083333333333,0.3416666666666666,0.0,1,1.416805463279678,2.1920075749785153,-0.7915612729542075,1.2025358824737098,-0.072097619967068,-0.333209692986093,-0.09022022512126947
2019-04-29,17628.875,1.2916666666666667,5.291666666666667,9.475,1015.3208333333336,0.024999999999999998,0.5708333333333333,1,-1.9265715747863665,-0.9519141427428792,0.8190557268074394,-0.15468525431475455,1.324831022158592,-0.06134415721534198,0.15968686528103135
2019-04-30,19065.833333333332,2.0416666666666665,4.25,9.15,1014.5208333333334,0.0,0.5625,1,-1.9371338539265661,-0.7414769965592511,0.38018993261966966,-0.2955251304440985,0.7623472878804227,-0.490535417662562,0.37427519538967924
2019-05-01,18615.041666666668,4.25,3.7083333333333335,9.854166666666666,1006.708333333333,0.0,0.4333333333333333,1,-0.8482567351242137,-0.08075490970226422,0.21511853665826206,-0.8187790296246348,0.08994781409507473,-0.607098761007605,0.5344137144196345
2019-05-02,19345.208333333332,7.416666666666667,6.958333333333333,9.920833333333334,996.9625,0.0,0.02916666666666667,1,1.688306687848301,-0.10578657667629146,2.2582994635867095,-0.9395457933267608,-0.8723104508725041,0.2254317828816987,-0.055646850907968594
2019-05-03,20000.0,5.333333333333333,3.8333333333333335,6.987500000000002,1001.7750000000001,0.0,0.31666666666666665,1,-0.036048682123228475,-0.004954140589462465,0.5308684089489529,-0.913268711908513,-0.32659356109057514,-1.0415015837934436,0.5560495057953224
2019-05-04,20000.0,6.25,4.083333333333333,7.254166666666666,1003.9541666666668,0.0,0.3875,1,-0.06041306595905764,-0.020830712126300843,0.5971734100075986,-0.7622253904439424,-0.48057360235501273,-0.7231987285465172,1.0621854577428318
2019-05-05,19042.583333333332,2.75,2.9583333333333335,6.220833333333332,1012.3833333333336,0.0,0.4791666666666667,1,-1.455773038585037,-0.5136859294012295,-0.30999022546188804,-0.3467555888458075,0.4318872717256277,-1.158877030165607,0.4167021351061078
2019-05-06,18684.958333333332,3.0833333333333335,3.2083333333333335,6.891666666666667,1013.3375000000002,0.0,0.42916666666666664,1,-1.2474809967514886,-0.5195908800928085,-0.25102794011013213,-0.2452202192651649,0.29592124504772366,-0.9320260436751463,0.29230462138611324
2019-05-07,19442.458333333332,2.875,2.75,7.5625,1014.0708333333333,0.0,0.3999999999999999,1,-1.3969517454221458,-0.39626916474704765,-0.4407318399653971,-0.2002041809039622,0.12454597341069805,-1.1124498987497564,0.10248759319607358
2019-05-08,18402.916666666668,3.9166666666666665,5.0,9.470833333333331,1012.7333333333335,0.0,0.40416666666666673,1,-0.8579877355260511,-0.6300036733432388,0.7173246677293148,-0.24216801165782623,0.21200055409059476,-0.05335345117567374,0.3105584625818554
2019-05-09,16994.0,7.541666666666667,6.25,12.0625,1004.2041666666668,0.004166666666666667,0.11666666666666668,1,1.2274944693392487,-0.04444059317220625,1.419619208233237,-0.6292125612728505,-0.7881303121283575,0.7344572979742403,0.192036866917928
2019-05-10,11067.083333333334,5.916666666666667,2.5416666666666665,12.387500000000001,1005.4083333333333,0.008333333333333333,0.4208333333333334,1,-0.027990315511930805,0.47746902094007687,-1.214493732673819,-1.2665497112736435,0.31934689446787884,0.19381848789695647,0.8532313914765474
2019-05-11,16022.458333333334,5.291666666666667,3.25,10.279166666666667,1011.9041666666666,0.0,0.3833333333333333,1,-0.4992890239828055,-0.05252054098009244,-0.5026608629192139,-0.4769930183422365,-0.1383315885716215,-0.1485436652133866,0.6117471512964332
2019-05-12,14786.5,7.041666666666667,2.25,8.1,1023.5333333333334,0.3625,0.004166666666666667,1,0.9963054844907595,1.780187988928172,-1.2302684232143635,2.280085568429749,-0.10840338175015221,-0.29197109630044704,-0.12641587461559092
2019-05-13,20000.0,6.041666666666667,4.583333333333333,8.337500000000002,1029.8,0.0,0.3541666666666667,1,-0.8826585632711381,-0.9086435798727799,0.08328381049326453,1.2798001862132278,-0.958831375494245,0.3891964043305387,0.7468608505758279
2019-05-14,19752.25,6.0,6.916666666666667,8.091666666666667,1029.4791666666663,0.10416666666666667,0.4916666666666667,1,-0.850449426571196,-0.8998931089585694,1.4918727239016047,1.7337953048814498,-0.053796288773637554,1.0944059815893583,1.2522113359965419
2019-05-15,18656.458333333332,7.333333333333333,6.416666666666667,9.058333333333332,1023.0124999999998,0.125,0.15,1,0.6175234071595915,-0.24883980844096146,1.2464093614927922,1.5102637329355613,-0.7105994258512859,0.9210766597945746,0.3600651089339513
2019-05-16,19187.916666666668,6.958333333333333,5.416666666666667,12.341666666666667,1016.0750000000002,0.19166666666666668,0.13333333333333333,1,0.5157196823786862,0.7686186739598194,1.0661092279026558,1.0713482359540867,-0.575901651193156,0.4833384061815332,0.10549639710039461
2019-05-17,12591.916666666666,6.333333333333333,3.8333333333333335,13.566666666666665,1011.9749999999999,0.34166666666666673,0.09999999999999999,1,0.9918902800939756,1.9558439895192223,-0.2076527892270459,0.9983189406991242,0.6429332342585098,0.45683072693527754,-0.20533678067621103
2019-05-18,1565.8333333333333,6.875,2.1666666666666665,12.312500000000002,1011.1041666666666,0.15,0.1625,1,1.568265057097819,1.0663800436989157,-2.521262632689565,-0.35472948161089235,1.0776740134712712,1.2006950496485664,0.162858133700858
2019-05-19,12929.041666666666,6.25,2.4583333333333335,15.491666666666665,1008.2708333333334,0.1708333333333333,0.05416666666666667,1,0.769917299363379,1.6063173060883777,-1.0065337778271775,-0.12667664004263238,-0.18173285763041866,0.10940565080503283,-0.4950622567039415
2019-05-20,17283.625,4.25,3.25,18.904166666666665,1004.9583333333334,0.004166666666666667,0.45,1,-1.281067143162365,0.7292887176374682,-0.07059803615171481,-1.3813315159469288,-0.05272004146277557,0.08952755227245832,0.22199127525573872
2019-05-21,18700.625,4.625,3.4583333333333335,17.287499999999998,1004.6624999999999,0.004166666666666667,0.36250000000000004,1,-0.9393617243588865,0.6503873276212508,0.17683553335469507,-1.1981545305759564,-0.36367568795322686,-0.13098340338712217,0.07885078490786622
2019-05-22,14046.125,3.2083333333333335,2.9583333333333335,16.145833333333336,1006.7125,0.0,0.47500000000000003,1,-1.2909266225740204,0.33797987172812294,-0.6322401269354893,-1.3395294547730008,0.6461523664806096,0.05981162968909275,0.11308280482703563
2019-05-23,16725.708333333332,6.833333333333333,3.375,13.44166666666667,1012.3666666666669,0.0,0.004166666666666667,1,0.682229341535587,0.3431069599177195,-0.4439393150830004,-0.18835351411300316,-1.3201958844135055,0.1324873376255778,-0.4786211465585199
2019-05-24,19409.5,4.791666666666667,2.625,14.404166666666663,1011.6458333333331,0.0,0.5833333333333334,1,-1.7343464130485977,0.39355078461399134,-0.40768623565863754,-0.7484607502260562,-0.2998185947900316,-0.3519767380798237,1.0562234694701675
2019-05-25,20000.0,5.833333333333333,3.2083333333333335,13.054166666666667,1010.2333333333336,0.0,0.09166666666666667,1,0.007114096397362675,0.3737869700263035,-0.08477464747234346,-0.3345186903545272,-1.2614396264268186,-0.46437976301862444,-0.4055516539625581
2019-05-26,19995.458333333332,6.041666666666667,4.166666666666667,13.395833333333334,1008.1583333333336,0.0,0.06666666666666667,1,0.2927561119815888,0.2747875911118826,0.49971598129787426,-0.42348359416612663,-1.2080701981304725,-0.19186662821158496,-0.45778056758297986
2019-05-27,19973.791666666668,7.0,3.25,15.958333333333334,1005.5958333333332,0.0,0.07083333333333335,1,0.3525272638099233,0.8497912533623523,0.0684643512971303,-0.7577757572541629,-1.6047408582867335,-0.23313634820085438,-0.2537390517900896
2019-05-28,18451.708333333332,7.75,3.5833333333333335,11.954166666666666,1004.875,0.3083333333333333,0.0,1,1.4101630291392826,2.221255569339304,0.4180111879310382,0.6777262150724395,-0.5102039596243063,-0.47371757032805917,-0.05733927126728627
2019-05-29,20000.0,3.375,4.291666666666667,11.091666666666667,1016.5749999999999,0.029166666666666664,0.5583333333333333,1,-1.8172848736423182,-0.35901149596030063,0.4600372331390481,-0.006436320206973767,0.290453899016608,-0.20095091570375725,0.6674402185641427
2019-05-30,19611.375,2.375,2.8333333333333335,12.379166666666668,1022.8541666666664,0.0,0.6166666666666667,1,-2.6737640629656445,-0.4170193486175162,-0.5759035832992154,0.13069544545420883,0.2457713011730562,-0.36911334987336614,0.5294433041802991
2019-05-31,19363.5,5.666666666666667,2.875,15.766666666666666,1019.5541666666668,0.004166666666666667,0.08333333333333333,1,-0.45773566057920995,0.3368257310112074,-0.6018718249608044,0.26740263750448945,-1.4604431734887267,0.024882007433378102,-0.6249036427168798
2019-06-01,15406.458333333334,4.208333333333333,3.2916666666666665,15.670833333333333,1019.2916666666666,0.09999999999999999,0.42916666666666664,2,-1.2935610313720802,0.4974539175491323,-0.6006882372979309,0.2236842136758301,0.3001323991622023,0.4552846995887824,0.24162184590232288
2019-06-02,17416.333333333332,3.0416666666666665,2.6666666666666665,15.445833333333333,1018.1833333333335,0.0,0.6291666666666667,2,-2.4014698885731023,0.019207339717768633,-0.7557487491551633,-0.4336919791839035,0.305756717389636,-0.007175965725498322,0.6469167887895086
2019-06-03,20000.0,0.7083333333333334,4.958333333333333,20.275000000000002,1015.9916666666667,0.0,0.6291666666666667,2,-3.101998907018309,-0.2689670732619727,0.9224759736208124,-0.6278853802230318,0.7849235639919333,0.4747443479325927,-0.24236201212745298
2019-06-04,20000.0,1.0,3.6666666666666665,22.350000000000005,1013.1916666666665,0.0,0.625,2,-3.195892691402844,0.29290913314286793,0.3029851714563027,-0.9997758592061388,0.5248230141673094,0.17913505368922092,-0.23593494473477
2019-06-05,19253.791666666668,1.1666666666666667,3.6666666666666665,23.966666666666665,1012.645833333333,0.0,0.5875,2,-3.0640436342859396,0.4336145992636889,0.23862297563232418,-1.0979274775626882,0.4629472097440531,0.38010719347697774,-0.39592227512401834
2019-06-06,20000.0,3.1666666666666665,5.416666666666667,23.29166666666667,1011.504166666667,0.0,0.5791666666666667,2,-2.3217885452417044,0.2567837641075392,1.2750340649734986,-0.9527077788724821,0.09546227755415292,0.9957101845282421,0.16478538495008843
2019-06-07,15800.958333333334,5.583333333333333,3.25,18.475000000000005,1013.2708333333331,0.0,0.24583333333333332,2,-0.5341928170530845,0.5357794990285671,-0.5511689247106976,-0.5808880944053582,-0.7144551200933181,0.5875401930837288,-0.16273688933731673
2019-06-08,11601.958333333334,5.583333333333333,2.5833333333333335,17.862499999999997,1017.15,0.5333333333333333,0.23333333333333328,2,0.130908122217114,3.301039453471257,-0.881326257780127,1.797413572900764,1.4015522006635954,0.5399450261703417,-0.06353055695662432
2019-06-09,17133.875,2.5,2.9583333333333335,18.695833333333336,1023.9416666666667,0.0,0.625,2,-2.8378079616724157,-0.059216802676629605,-0.7754184443042874,-0.11246542711500895,0.28603645274902995,0.518890362475999,0.3154641683786008
2019-06-10,18382.916666666668,6.416666666666667,3.9583333333333335,20.55,1017.5666666666665,0.0,0.275,2,-0.7881304184264698,0.5264458060528786,-0.013059527787867047,-0.18270268765254014,-1.2558350872382735,0.9716646807351382,0.08739697231619455
2019-06-11,19066.958333333332,3.2083333333333335,3.9583333333333335,24.825,1011.6708333333335,1.1291666666666667,0.5083333333333333,2,-1.3147032706655353,6.7551087660190925,1.6671904454524762,3.655419419838197,3.6332578641538515,-0.027930193093516017,0.16188951417060035
2019-06-12,19228.916666666668,1.5416666666666667,4.375,25.929166666666664,1010.0208333333334,0.0,0.6375,2,-3.0415845047311807,0.5370065776706988,0.7179844939749933,-1.3630076496542969,0.5147980029482713,0.7432216086651602,-0.18588547023580032
2019-06-13,13993.208333333334,6.791666666666667,3.0416666666666665,19.537500000000005,1012.8666666666664,0.6458333333333334,0.1541666666666667,2,0.6572374484796724,4.246019506139684,-0.13458517944612097,2.080136505807189,1.1427138251376308,0.45760133637106537,-0.03045639367697326
2019-06-14,18552.708333333332,3.25,2.7083333333333335,19.120833333333334,1019.2458333333333,0.0,0.5,2,-2.3231192466726385,0.2978171083851398,-0.6467040921820907,-0.34348205050461406,-0.2239127935833049,0.20196763860187783,0.07543659455414224
2019-06-15,17696.416666666668,4.125,3.5416666666666665,21.475000000000005,1014.8000000000001,0.0,0.5375000000000001,2,-2.022527673261998,0.4977460179381244,-0.14195680669686217,-0.7631422205820858,-0.1908402151122806,0.7186033168102458,0.3679751025514092
2019-06-16,18798.875,7.0,3.875,17.854166666666664,1013.9250000000001,0.6083333333333333,0.012500000000000002,2,0.834445097883414,3.8316190811929673,0.7331594121530924,2.413098715650054,0.32880986315344074,0.09627499907418269,-0.4273404290357758
2019-06-17,19989.958333333332,2.625,3.4166666666666665,17.754166666666666,1019.9041666666667,0.0,0.5625,2,-2.6237463306035362,-0.024005396578683783,-0.10724409343183484,-0.20976124647732597,-0.004795565565859328,0.1277852119385509,0.17850089972199712
2019-06-18,18512.375,1.4583333333333333,2.0416666666666665,19.908333333333328,1019.1875,0.0,0.6416666666666667,2,-3.2696394398812245,0.3037781251984714,-0.9556802383482454,-0.5893000024601831,0.36739333029016114,-0.10246630174727309,0.05670075152035766
2019-06-19,18759.583333333332,2.3333333333333335,2.9583333333333335,22.325000000000003,1012.4000000000002,0.0,0.5875,2,-2.7230746964508508,0.5950337280473015,-0.22790807346702746,-1.0798685746391834,0.18496868233856636,0.20871499229397278,0.018156684556560602
2019-06-20,15218.458333333334,5.041666666666667,2.8333333333333335,21.791666666666668,1008.8291666666669,0.15833333333333333,0.45,2,-1.1235376894620475,1.7788090598381563,-0.4633719398257991,-0.6196189637902833,0.265129429072205,0.547412310431824,0.3548251089647074
2019-06-21,15427.416666666666,5.083333333333333,2.8333333333333335,19.075,1014.5125000000002,0.12916666666666668,0.39583333333333326,2,-1.047278946944216,1.2543916507672568,-0.6732139489769132,-0.13815752269606726,0.03093824990196752,0.50047055033382,0.25636526788059116
2019-06-22,20000.0,2.1666666666666665,3.2916666666666665,16.637500000000003,1022.2125,0.0,0.6166666666666667,2,-2.915393162803713,-0.20444951312143894,-0.23469876373018433,-0.04881749473124304,0.1777909328233998,0.0404928212046143,0.2878451919482012
2019-06-23,19671.625,1.9583333333333333,3.2083333333333335,16.241666666666664,1023.9291666666667,0.0,0.6458333333333334,2,-3.0652814265250234,-0.3010498173802,-0.36245485977954006,0.0553959657875965,0.28596684510037523,0.06258333017235167,0.3465595885520787
2019-06-24,20000.0,3.875,3.0,18.25,1026.3541666666667,0.0,0.625,2,-2.7795042004957238,0.024487479983229078,-0.5440871386682664,0.24257575606421264,-0.4349297315457727,0.4421542725368336,0.7357414100958332
2019-06-25,20000.0,4.666666666666667,2.3333333333333335,22.504166666666666,1024.6958333333332,0.0,0.6,2,-2.776748112019444,0.6221369648761903,-0.8554796725895232,-0.052249860070658245,-0.8807160526801318,0.6175442983357168,0.7066320963080774
2019-06-26,19992.125,3.4583333333333335,3.4166666666666665,25.812499999999996,1016.1291666666667,0.0,0.5833333333333334,2,-2.7954477951001113,0.7691086000073893,0.04076749508948304,-0.8104011681385828,-0.39885370749720905,0.7791500025529147,0.16916706828419042
2019-06-27,19918.5,5.958333333333333,5.791666666666667,19.141666666666662,1016.4541666666664,0.0,0.3875,2,-0.994866292956344,0.022004992976931054,1.215067379080747,-0.1441291718550458,-0.8397479427455836,1.215042416232553,0.41724125416909047
2019-06-28,18567.583333333332,2.5833333333333335,3.4166666666666665,17.995833333333326,1019.7333333333335,0.0375,0.6416666666666667,2,-2.7102967138913057,0.1611500981326288,-0.1980679042084099,-0.18895912350337943,0.41372031490024647,0.2949782234520359,0.4537758561568526
2019-06-29,20000.0,2.0833333333333335,3.9166666666666665,21.224999999999994,1016.4833333333332,0.0,0.6124999999999999,2,-2.912134323713422,0.1647691004984036,0.3110876870411,-0.6371995080897217,0.2236383764670023,0.407080569530109,0.06516367734847837
2019-06-30,19707.583333333332,1.1666666666666667,3.0416666666666665,25.35416666666667,1010.0541666666667,0.0,0.6375000000000001,2,-3.3024005827144287,0.7630787605175814,0.03906523255878963,-1.4186881465849026,0.41400202200550773,0.180940099106484,-0.2515908115810891
2019-07-01,19579.166666666668,5.541666666666667,4.375,21.075,1009.525,0.0,0.35833333333333334,2,-1.0375388766795983,0.655226433273053,0.6252584840719834,-0.8582859584163243,-0.8415820915573502,0.6629307949400367,0.1451880346325454
2019-07-02,20000.0,3.8333333333333335,5.833333333333333,16.049999999999997,1011.8166666666666,0.12916666666666668,0.35833333333333334,2,-1.0011114589339936,0.4118656580899696,1.5565345713367893,0.1135092375627962,0.30506652868741807,0.4369477433892205,-0.12694127848839037
2019-07-03,20000.0,4.458333333333333,4.833333333333333,14.4125,1015.6458333333331,0.0,0.39166666666666666,2,-1.2092865867181122,-0.2377202639047791,0.7242181086349797,-0.13276982992007,-0.38355595829457184,0.29978644190289194,0.21267850077366834
2019-07-04,20000.0,6.083333333333333,5.875,15.162500000000001,1014.7583333333332,0.0,0.26666666666666666,2,-0.3544118911422857,-0.20555582929115687,1.278388002391731,-0.01665144710918021,-0.8886784165353345,0.8076023275872388,0.1782501586371253
2019-07-05,19866.541666666668,3.5,5.291666666666667,15.362499999999999,1007.2541666666667,0.17916666666666667,0.36666666666666664,2,-0.9262792863671971,0.8611028003521758,1.445668131793445,-0.06588923016104516,0.6357758172984582,-0.007724380296882785,-0.13006315948147842
2019-07-06,18170.083333333332,5.791666666666667,2.4166666666666665,14.058333333333332,1005.0333333333334,0.30833333333333335,0.12083333333333333,2,0.3583115044241261,2.4070710069394776,-0.19188161665783332,0.36775192260760364,0.009190573524711284,-0.8206020228942084,-0.2521868409254337
2019-07-07,19238.375,5.5,4.791666666666667,14.15833333333333,1002.6875000000003,0.22083333333333335,0.12916666666666668,2,0.4598242989150089,1.4767274467224714,1.2089208122023065,-0.011367012571352066,0.01819401614654324,-0.23600868023307797,-0.35104068908882363
2019-07-08,19375.041666666668,5.708333333333333,4.333333333333333,14.120833333333332,1007.4041666666666,0.42083333333333334,0.1375,2,0.44329806611803263,2.5243549613639558,1.0550282046218766,1.1734948568126626,0.48356287147672805,-0.3409699575192386,-0.2139052343829684
2019-07-09,19024.75,6.541666666666667,4.875,14.700000000000005,1008.5083333333332,0.48333333333333334,0.008333333333333333,2,1.080312939159039,2.837498621383996,1.3203736089897449,1.6481151745486635,0.3370726683930878,-0.03920587172432179,-0.47038416118161813
2019-07-10,18476.541666666668,6.208333333333333,4.666666666666667,14.758333333333333,1010.0666666666665,0.2708333333333333,0.3458333333333334,2,-0.14522489534290692,1.6205129171312542,0.9134692942545587,0.5740511347454567,0.2418754376601301,0.2546515132879452,0.6191167047481843
2019-07-11,20000.0,3.5416666666666665,3.0833333333333335,16.729166666666668,1010.2333333333335,0.0,0.5791666666666667,2,-2.104877235707648,0.38478349080645274,-0.012730032828729946,-0.9356388521290112,-0.03934792982816983,-0.2821881906813426,0.5825195215205424
2019-07-12,20000.0,5.541666666666667,2.7916666666666665,16.40833333333334,1009.4791666666666,0.0,0.5375,2,-1.490513001803024,0.6667363612986021,-0.19583309081872144,-0.9060585594462188,-0.6442696553815128,-0.19747693805281952,1.0262403750155857
2019-07-13,18714.833333333332,5.958333333333333,2.875,16.208333333333332,1010.5208333333334,0.0,0.2833333333333334,2,-0.6056774895333245,0.6394570288760388,-0.37072268284090726,-0.6466136785977276,-1.0048568832827383,-0.06553667357121329,0.20508295749290356
2019-07-14,20000.0,3.4166666666666665,3.3333333333333335,17.17916666666667,1012.9499999999998,0.0,0.5375,2,-2.1075316820094794,0.26383203950876194,0.03956161157664364,-0.6950311550456114,-0.1088877076158044,-0.10336831438155297,0.36172488149114623
2019-07-15,19710.958333333332,3.375,2.9166666666666665,16.724999999999998,1012.3833333333331,0.0,0.5666666666666667,2,-2.180277022105289,0.329967629337958,-0.20067040432904099,-0.7829676814108166,-0.04380066000321663,-0.25425903749174905,0.48248528224333165
2019-07-16,18992.541666666668,6.541666666666667,3.125,15.804166666666662,1008.1624999999999,0.0,0.18333333333333335,2,-0.08046952011175873,0.7060278629804964,-0.15975698424793655,-0.6944979389079481,-1.2558281379037617,-0.10159785354207554,0.02606743461515761
2019-07-17,19427.666666666668,4.0,3.9583333333333335,15.841666666666661,1010.0874999999997,0.3041666666666667,0.4791666666666667,2,-1.2459476485490213,1.8104775351060396,0.7331612768970309,0.4883966169703688,0.9114349422951675,-0.2188773030285012,0.4497500213839497
2019-07-18,20000.0,1.8333333333333333,2.6666666666666665,16.21666666666667,1012.8500000000003,0.0,0.5541666666666666,2,-2.5670124591619743,0.1775304048906926,-0.29720945596042403,-0.771090822965669,0.2897928760998283,-0.5844425238088415,0.014632794126030486
2019-07-19,15913.708333333334,3.875,2.875,18.49166666666667,1012.5500000000002,0.0,0.5625,2,-1.849437894555143,0.43911790907775144,-0.6405516756410699,-0.9575511715565295,0.18465751882905293,0.3515496314778856,0.5216634254807164
2019-07-20,19854.041666666668,2.125,3.0833333333333335,19.75416666666667,1014.1875,0.0,0.5916666666666667,2,-2.7758177398062807,0.3223376063454242,-0.10492096552795685,-0.8019204052868666,0.19018311973223423,-0.04505044392968888,0.07893664116698201
2019-07-21,18847.166666666668,5.083333333333333,2.9583333333333335,19.191666666666666,1014.5208333333334,0.12083333333333333,0.31666666666666665,2,-1.1048700647486902,1.265056943775467,-0.2557344070101665,0.014203805714397631,-0.5024191129198672,0.15812081397764916,-0.031165686292144695
2019-07-22,19848.083333333332,4.833333333333333,3.5416666666666665,18.820833333333333,1018.9250000000001,0.0,0.4041666666666666,2,-1.6477925685676214,0.30140350350810485,-0.0844920799674253,-0.13313903873909225,-0.8221682522315256,0.4448574847892268,0.18727207936362142
2019-07-23,16549.0,7.333333333333333,1.7083333333333333,17.708333333333332,1018.3208333333333,0.0,0.0,2,0.19537871094356016,0.8837679800838938,-1.5495676854811327,0.01897343524529434,-1.9086489255279275,0.25302495685366966,-0.5272664837427221
2019-07-24,14495.625,5.125,2.5,19.041666666666668,1018.0583333333333,0.016666666666666666,0.25833333333333336,2,-0.8432833534484722,0.6041982536801211,-1.2193567308846682,-0.27558547570843767,-0.5731792665737969,0.6437674044081851,-0.2792896126570056
2019-07-25,19710.916666666668,2.75,2.875,18.958333333333332,1018.754166666667,0.0,0.5,2,-2.493809123921976,0.23481856160930825,-0.4059411917269584,-0.3395824432313686,-0.1888984631105312,0.038184298703008976,-0.05811631863315561
2019-07-26,20000.0,3.2916666666666665,4.958333333333333,20.345833333333335,1014.9791666666665,0.0,0.4708333333333334,2,-2.003803996270124,0.05591005599564925,0.8803912339280762,-0.5063088883593054,-0.12843053396225382,0.6993146035407114,-0.08097775056696906
2019-07-27,20000.0,4.666666666666667,4.666666666666667,20.925,1010.3833333333331,0.0,0.3875,2,-1.3516637698077894,0.4644929584193604,0.8251775747429915,-0.8012856625394553,-0.5884296828882779,0.6310182110652851,0.0018034217617807252
2019-07-28,19944.25,4.708333333333333,3.9583333333333335,23.40416666666667,1005.9124999999998,0.0625,0.3583333333333334,2,-1.2758519435855868,1.289521765421984,0.6469959750141955,-1.011625016623526,-0.5144377876192597,0.41576253881525627,-0.15946905284757582
2019-07-29,19754.916666666668,3.875,3.875,22.662499999999998,1006.6458333333335,0.0,0.5208333333333334,2,-1.9574709196267837,0.7888248130917459,0.5233786168430805,-1.3508993571528873,-0.2278778731486691,0.3795614694311968,0.21355447080868944
2019-07-30,16609.458333333332,5.666666666666667,5.125,20.17916666666667,1008.6666666666666,0.0,0.16666666666666666,2,-0.07756869371599089,0.4193796949497619,0.7045866914900005,-0.7957653140498214,-0.6903980849473824,1.048681984661066,-0.5091859545622026
2019-07-31,20000.0,1.75,4.541666666666667,17.445833333333333,1015.0583333333333,0.0,0.5583333333333333,2,-2.514636325877496,-0.23428082731466285,0.6756057588218883,-0.5302844006056875,0.4636920243147275,0.17487619782561822,-0.07605645868926901
2019-08-01,19260.125,6.666666666666667,2.2083333333333335,15.979166666666666,1014.9833333333332,0.0,0.0,2,0.08084739946267688,0.7378577761995468,-0.8752036294072207,-0.06840814044152589,-1.8571396916935674,-0.22299860617413292,-0.6320583441341183
2019-08-02,19361.25,4.958333333333333,3.3333333333333335,17.820833333333336,1012.2666666666669,0.10416666666666667,0.4750000000000001,2,-1.4268374567621238,1.0485592078155026,0.076387387430009,-0.26361890939288585,-0.20053701984357275,0.08744935205991272,0.5762653473731303
2019-08-03,19397.625,4.416666666666667,3.4166666666666665,18.070833333333333,1011.8833333333333,0.22083333333333333,0.44583333333333336,2,-1.3719989755223958,1.6337073902016372,0.27955857129767664,0.19699906850430438,0.2939892561043259,-0.041493051974207336,0.33222374254857273
2019-08-04,18976.541666666668,4.833333333333333,2.9166666666666665,17.341666666666672,1012.5458333333332,0.0,0.3999999999999999,2,-1.347207010666191,0.5231797799128975,-0.3357438465278504,-0.6453033542987869,-0.6292911737528224,-0.006374193498330825,0.2580382697382496
2019-08-05,15840.25,5.708333333333333,1.625,17.3375,1010.8791666666667,0.15416666666666667,0.19166666666666665,2,-0.27615312163415395,1.7427606626035475,-1.206704171165414,-0.1368963235396457,-0.43323927048786187,-0.2173753480962991,-0.21061152832230337
2019-08-06,14145.208333333334,5.833333333333333,2.4583333333333335,19.683333333333334,1007.5166666666668,0.0,0.26666666666666666,2,-0.3669060922248555,0.9783335907830846,-0.9842580994201859,-1.198746714342816,-0.5846210127334789,0.4548964535249445,-0.043336885092344284
2019-08-07,16071.416666666666,6.583333333333333,2.25,20.166666666666664,1005.3499999999999,0.0,0.40833333333333327,2,-0.7021946644776456,1.2364703804411972,-0.812356226468547,-1.419061343817448,-0.785040518650897,0.2977651345382941,0.6947040020539548
2019-08-08,17629.958333333332,5.875,3.0416666666666665,18.883333333333333,1005.9375,0.5083333333333333,0.29166666666666663,2,-0.08904698568202389,3.6472327016846244,0.3489222278342456,0.9792293628586863,0.8777559596543666,-0.19080487298937396,0.24092342663605862
2019-08-09,18355.541666666668,3.25,3.7083333333333335,17.508333333333336,1010.4499999999998,0.024999999999999998,0.39583333333333326,2,-1.4982537270094032,0.379985997568866,0.15560073590809573,-0.7296410065853962,0.07207024492298862,0.035094838279664066,-0.22170622582649094
2019-08-10,16123.0,6.208333333333333,4.125,18.258333333333336,1010.6958333333332,0.07083333333333335,0.14583333333333334,2,0.13232668220008795,0.8691268504942646,0.09721987606151204,-0.3134942441817266,-0.6691808429657262,0.7072492063453348,-0.3258762275373779
2019-08-11,18389.75,4.875,3.4166666666666665,21.458333333333332,1013.3499999999998,0.03333333333333333,0.3625,2,-1.3527467894956087,0.8587534474257252,-0.09463556234556643,-0.5611841495409214,-0.6159643912230917,0.5519961301425808,-0.04428337727818151
2019-08-12,17834.958333333332,6.833333333333333,2.625,19.166666666666664,1011.8458333333332,0.0,0.075,2,0.0102711946915559,0.959762072213732,-0.6777437371469294,-0.5160764186813274,-1.6184201581001934,0.26703063383986675,-0.4418609634156671
2019-08-13,16630.0,5.5,3.4166666666666665,18.908333333333335,1011.4041666666667,0.0,0.21666666666666665,2,-0.4833994910455813,0.6004060460670606,-0.3130452440418313,-0.6843422884915435,-0.7910413354523143,0.5000760558550101,-0.3058953395370473
2019-08-14,19476.291666666668,4.083333333333333,2.6666666666666665,15.2125,1014.0208333333331,0.4333333333333333,0.30416666666666664,2,-0.8905871907124342,2.646635724851942,0.023232785671139723,1.41956483359773,0.8307299723795919,-0.6932169155129799,-0.10896973271690162
2019-08-15,19726.541666666668,3.7916666666666665,2.9583333333333335,16.9125,1013.6708333333335,0.0,0.4791666666666667,2,-1.8886528224170533,0.3444143580609056,-0.23632119268463983,-0.6048498622111321,-0.31853291968072184,-0.16617614306908127,0.26688020156142733
2019-08-16,17698.375,5.416666666666667,3.0,17.445833333333333,1012.8833333333336,0.0625,0.22083333333333333,2,-0.564506075199708,0.8884470277569783,-0.40551692043854803,-0.2441532627177776,-0.7054440657243419,0.13337124706581538,-0.2314994787896525
2019-08-17,13280.916666666666,4.125,3.0833333333333335,18.4625,1012.4041666666667,0.004166666666666667,0.21666666666666667,2,-0.598894255884682,0.41988953544325125,-0.8620308493992331,-0.7548170170623077,-0.0723554937321879,0.5790319979367237,-0.6964421121352523
2019-08-18,20000.0,6.541666666666667,3.875,21.099999999999998,1007.2833333333332,0.0,0.20833333333333334,2,-0.4028710939678646,0.9685524401899486,0.42206520372673195,-0.9051018061858231,-1.4067545880670576,0.4473879711148115,-0.10678973195846
2019-08-19,20000.0,4.833333333333333,2.5833333333333335,19.8875,1013.0916666666667,0.0,0.2833333333333334,2,-1.310676822896527,0.795269971756148,-0.4296989306721869,-0.5961754446934452,-1.0683215277704088,-0.03570729940129423,-0.2740999500835171
2019-08-20,16885.625,5.875,2.2916666666666665,19.124999999999996,1020.5624999999999,0.0,0.3666666666666667,2,-1.2732630883198977,0.6048754901872766,-1.1673643721733442,-0.14038049000230637,-1.0122245759338586,0.5651177340752083,0.33532002102818076
2019-08-21,18870.416666666668,5.458333333333333,2.25,17.175,1024.4416666666666,0.06666666666666667,0.14583333333333331,2,-0.9010805709014295,0.7202199559048337,-1.0554531112892893,0.7456808041884495,-1.263201462701919,0.12671580062079302,-0.5059861250948933
2019-08-22,19778.25,1.2916666666666667,3.0,16.42083333333333,1028.1625000000001,0.0,0.4875,2,-2.982914027002666,-0.43339198473474616,-0.6073600015221139,0.47347519692339596,0.08966697623230957,0.0029915560116629504,-0.449718823624821
2019-08-23,19970.75,2.3333333333333335,2.75,19.02916666666667,1026.5625000000002,0.0,0.525,2,-2.964911332233928,-0.025299487294537695,-0.6741194337292052,0.2404745695070654,-0.2401947209497764,0.2091192264350826,-0.11058988126440222
2019-08-24,19142.208333333332,3.25,2.2916666666666665,20.0625,1025.3541666666667,0.0,0.525,2,-2.74460733895139,0.27197686882240674,-0.9904614191978613,0.074991809915749,-0.45644774449874864,0.3107124412575607,0.11708462078156126
2019-08-25,19402.291666666668,0.625,2.5833333333333335,20.837499999999995,1024.6916666666666,0.0,0.525,2,-3.398256799402441,0.011198118407707906,-0.7281751358290216,-0.06180274859335099,0.2314502855272266,0.09282915796336663,-0.6752360815343549
2019-08-26,20000.0,0.2916666666666667,3.0416666666666665,22.39583333333334,1022.9124999999999,0.0,0.5208333333333334,2,-3.4887131755555636,0.05596573219911118,-0.3425025336903838,-0.21886868711121335,0.2818625188880529,0.19784195718573908,-0.8504038510422812
2019-08-27,20000.0,0.125,3.375,23.95833333333333,1021.3083333333333,0.0,0.5166666666666667,2,-3.511268053027147,0.1290666105949243,-0.09884390983650906,-0.3864215023123218,0.33791691356668324,0.3544973301392251,-0.9789888947385136
2019-08-28,18409.125,3.7916666666666665,5.333333333333333,24.16666666666666,1017.0875,0.0,0.44999999999999996,2,-1.932789970902997,0.20362972025410106,0.8578431606577912,-0.48989761637145923,-0.23761768115902335,1.4327472626038842,-0.19202430048168426
2019-08-29,13182.916666666666,4.708333333333333,2.5,21.762500000000003,1015.4291666666664,0.49583333333333335,0.41250000000000003,2,-0.9014793246296382,3.38056222231287,-0.6800170259319367,1.2377313427494392,1.4923705332671489,0.6006262165317006,0.1852692324326532
2019-08-30,15010.5,1.7916666666666667,2.625,20.062499999999996,1021.5708333333333,0.0,0.4791666666666667,2,-2.481434971924447,0.08569504224964108,-1.1187316647957444,-0.3584655454836604,0.4495646354138571,0.5263473225116637,-0.48380966125402936
2019-08-31,15387.333333333334,2.7916666666666665,3.5833333333333335,21.566666666666663,1019.4,0.0,0.40833333333333327,2,-1.9674722656197001,0.16951566169665322,-0.5057172337207452,-0.4262530487278489,0.13959711702945926,0.9307522213380088,-0.5237306705252095
2019-09-01,19219.666666666668,2.5,5.25,23.80416666666667,1010.1833333333335,0.0,0.46666666666666673,3,-2.121365100188597,0.29706064606695576,1.136603110535655,-1.0488393529233355,0.17474128489077606,0.8959485231909744,-0.46293472082653897
2019-09-02,19572.208333333332,6.0,3.75,18.470833333333335,1015.3249999999998,0.016666666666666666,0.14583333333333334,3,-0.4548028959893986,0.5749393691221888,0.06503292012536155,-0.09235865491922593,-1.3368392908884084,0.4124185589267832,-0.40473949972237755
2019-09-03,20000.0,5.5,3.0416666666666665,16.316666666666666,1018.9250000000001,0.0,0.2833333333333333,3,-1.0879673104146088,0.31568148008240093,-0.38860923006693043,0.05220129728733273,-1.1789704434241863,0.0960821537786755,0.04521253923039198
2019-09-04,20000.0,4.5,2.7083333333333335,17.508333333333336,1015.0958333333334,0.0,0.2708333333333333,3,-1.2788591258006115,0.49562895938820456,-0.4312476607475247,-0.33861884262672937,-0.9407785831584939,-0.17106638541426641,-0.3243963486256922
2019-09-05,20000.0,4.625,3.2916666666666665,17.6125,1011.2291666666666,0.0,0.20416666666666664,3,-0.8728666952730687,0.5161124234988852,-0.00399179300919449,-0.5535791365092414,-0.9335169993573076,-0.1262185618070035,-0.5346667728531073
2019-09-06,19166.666666666668,1.7083333333333333,3.0416666666666665,14.816666666666665,1019.8666666666664,0.0,0.3583333333333334,3,-2.1086233184914542,-0.2484298524824415,-0.43322363659377733,-0.022351894467478154,0.07199906057533097,-0.34357483924428844,-0.7170780194169666
2019-09-07,18518.791666666668,6.166666666666667,2.9583333333333335,13.070833333333335,1019.1291666666667,0.14583333333333334,0.08750000000000001,3,0.020236747239744404,0.9340308617768786,-0.49428391629375434,0.9196854335086779,-0.9020817475275243,-0.132828629654235,-0.3172846486922419
2019-09-08,15310.416666666666,6.5,3.5416666666666665,15.020833333333334,1015.5749999999998,0.30833333333333335,0.03333333333333333,3,0.7314937706966514,1.9089813046226036,-0.2283687613795014,1.2201686704149355,-0.08631329116721678,0.33878741762585846,-0.4700719530937939
2019-09-09,13351.875,5.208333333333333,2.4166666666666665,16.325,1012.5124999999997,0.0,0.20833333333333337,3,-0.2841089871501225,0.5053641413322685,-1.2625657659486103,-0.6803902830373249,-0.40483705453595276,0.32056903972493533,-0.3168173939510067
2019-09-10,18736.791666666668,6.75,7.25,14.941666666666665,1009.9749999999999,0.2416666666666667,0.012500000000000002,3,1.1543729314601057,0.9910787224069402,2.269817751331534,0.8887955010581675,-0.23347113100656194,1.0013591069268464,-0.5040533466138664
2019-09-11,19894.0,2.0833333333333335,3.7083333333333335,15.429166666666665,1020.2291666666666,0.0,0.4708333333333334,3,-2.3467551403251936,-0.3202401599421674,0.015603383938172309,-0.024243063338251457,0.11754354001017037,-0.05685703738775859,-0.22456497883481055
2019-09-12,19195.833333333332,5.416666666666667,3.2083333333333335,16.01666666666667,1022.6666666666666,0.0,0.22083333333333333,3,-0.9617782721751015,0.11589740728258081,-0.5089979736831252,0.38610186490705517,-1.2037113439703726,0.3046622277469396,-0.21450551596226827
2019-09-13,19145.25,5.041666666666667,5.083333333333333,15.799999999999999,1022.5583333333333,0.004166666666666667,0.17500000000000002,3,-0.6800118844612691,-0.3312892251660791,0.5238175191718251,0.5462430369027906,-0.914963023098051,0.8087045709704647,-0.5056729968024926
2019-09-14,19650.208333333332,2.7083333333333335,4.458333333333333,13.37916666666667,1027.3375,0.0,0.3208333333333333,3,-1.797546715488911,-0.7928912540244443,0.13674881810146808,0.7902416545260024,-0.2287340101187428,0.29837313426193296,-0.5449548618611749
2019-09-15,20000.0,6.333333333333333,6.0,14.570833333333331,1014.4249999999998,0.0,0.1416666666666667,3,0.10680398934858286,-0.22879749130869195,1.3295175541786486,0.09298102266233399,-1.1067180549701594,0.7660930185056986,-0.1876292890336317
2019-09-16,20000.0,3.9583333333333335,6.416666666666667,13.970833333333331,1009.7708333333331,0.0,0.31666666666666665,3,-0.7169460278033069,-0.4817350883767913,1.7707073862252758,-0.43316194938848807,-0.04209777857745276,0.46213205522640277,-0.19251796089642667
2019-09-17,19798.083333333332,5.916666666666667,5.458333333333333,9.758333333333335,1004.1041666666665,0.15833333333333335,0.15,3,0.6824632058781979,0.6797785302840864,1.4921464133167532,0.06971340044011681,-0.12705428446108197,-0.30181616203827527,0.00482355914345382
2019-09-18,20000.0,4.458333333333333,6.333333333333333,11.2875,1010.7708333333331,0.4333333333333333,0.2791666666666667,3,-0.004443527573423659,1.6970674396059489,2.1647476024642143,1.6029927372675767,1.2837981560332663,-0.004544627443404844,0.03848474701439517
2019-09-19,19100.458333333332,4.541666666666667,4.375,10.533333333333337,1020.0708333333333,0.008333333333333333,0.3416666666666666,3,-0.9610580668779204,-0.5195240823857817,0.21754255488266183,0.3810379847341424,-0.36054185855946724,0.06749834841456702,0.20554632051333724
2019-09-20,17574.166666666668,7.0,2.5416666666666665,10.479166666666666,1022.1625,0.27499999999999997,0.3125,3,-0.20579763867591166,1.4868251677819337,-0.7636221871861939,1.5911269579179463,-0.2523259381709672,-0.16827238059884336,0.891378309914962
2019-09-21,19673.833333333332,6.625,3.125,13.745833333333335,1018.8791666666666,0.07083333333333335,0.0,3,0.2039890360354996,0.6293609030582725,-0.37522661957280595,0.6939283303373956,-1.5419787716796474,-0.0836870879563322,-0.5532444993617153
2019-09-22,15396.583333333334,3.7916666666666665,2.2916666666666665,13.0,1015.9625000000001,0.0,0.42083333333333334,3,-1.3225388385165668,0.05393715665209052,-1.173465757700558,-0.42408238369830864,0.09772865075561557,-0.18259455695828455,0.19905858488687048
2019-09-23,19974.5,7.0,3.5,11.029166666666667,1018.3958333333334,0.0,0.012499999999999999,3,0.3875324916289987,0.027550419648813617,-0.22318580079550626,0.5022628701695172,-1.74435819574978,-0.14200020650821288,-0.30485112952288584
2019-09-24,20000.0,3.9166666666666665,3.7916666666666665,11.174999999999997,1015.0958333333334,0.0,0.45416666666666666,3,-1.441119724184649,-0.2838400293840566,0.1703382814867028,-0.1825389356557187,-0.1483682532462136,-0.35785226175904145,0.43826727315458175
2019-09-25,19380.125,6.916666666666667,3.3333333333333335,12.6,1008.5083333333333,0.0,0.07916666666666666,3,0.4557119649646076,0.47195084179675934,-0.05493471506478941,-0.42273972167741736,-1.431752329684133,-0.32891987974882764,-0.11817224588979179
2019-09-26,15278.0,3.2083333333333335,1.875,12.845833333333333,1010.7916666666665,0.0,0.34583333333333327,3,-1.1216676433847974,0.24529142111947677,-1.2587540437160554,-0.8160450674706863,0.2046359622321625,-0.5964260986186191,-0.2199840856435292
2019-09-27,6762.0,7.583333333333333,4.5,12.583333333333334,1010.9166666666669,0.029166666666666664,0.03333333333333333,3,1.8440545165019653,0.10915867903321809,-0.8405390040406133,-0.42801082520687056,-0.032223414961043674,1.5114891096340703,-0.1606818214316154
2019-09-28,18098.833333333332,6.208333333333333,3.6666666666666665,15.029166666666669,1007.4,0.33749999999999997,0.19166666666666668,3,0.3173874658975457,2.3144400470315487,0.4580562338664665,0.6743747824191086,0.18898257356068118,-0.19732412761048293,0.07402023343652633
2019-09-29,16490.625,6.666666666666667,4.291666666666667,13.966666666666667,1000.9666666666667,0.09583333333333333,0.12916666666666668,3,0.8654345554662505,1.026593125967345,0.5216187708354765,-0.7557142666595902,-0.41538784517411226,0.0540924965229369,-0.0382959749081584
2019-09-30,19584.291666666668,6.416666666666667,5.041666666666667,13.966666666666667,990.5541666666667,0.5041666666666668,0.0,3,1.7051750740390401,3.4377156091451346,2.0449840981317324,0.38500313517326057,0.7600454060049311,-0.7691526036762459,-0.44530140844369054
2019-10-01,17069.541666666668,6.583333333333333,4.166666666666667,11.512500000000001,998.5875000000002,0.07083333333333333,0.004166666666666667,3,1.3172122121736105,0.8322289904973106,0.5278878332315555,-0.845056975273902,-0.6218262402347634,-0.3785648980232107,-0.41695545626855207
2019-10-02,19415.083333333332,6.208333333333333,2.5,9.270833333333334,1000.7333333333331,0.20416666666666664,0.0,3,1.0171383690461244,1.69897713403052,-0.05273731086086142,-0.06346692452055303,-0.5214127978414602,-1.403422973516301,-0.38743149679995964
2019-10-03,20000.0,3.6666666666666665,3.0,8.9625,1008.1291666666666,0.0,0.2833333333333333,3,-0.7777753741315682,-0.053969191468536785,-0.08610554174223803,-0.5707546645760729,-0.23212680964749613,-1.1342485999780538,-0.14164157574081318
2019-10-04,18255.375,5.791666666666667,2.4583333333333335,8.875000000000002,1011.0124999999999,0.029166666666666664,0.14166666666666666,3,0.14121032305004913,0.32689041513457173,-0.690842263813338,-0.13888438941316367,-0.8369909221379578,-0.8398113317633626,-0.049248629499308375
2019-10-05,20000.0,5.583333333333333,3.9166666666666665,8.254166666666666,1014.8166666666667,0.16666666666666666,0.3416666666666666,3,-0.3907084779591846,0.567838039670101,0.375129735641623,0.7544720438841789,-0.08378288507085377,-0.5270885736301748,0.6701645610685336
2019-10-06,16704.791666666668,6.333333333333333,2.4166666666666665,5.920833333333333,1019.3291666666668,0.30833333333333335,0.13749999999999998,3,0.5376485596846121,1.3815303792678797,-0.841580806880053,1.7610207610314932,0.06232167058978517,-0.7698074248634014,0.2583529637706125
2019-10-07,18133.875,5.666666666666667,2.875,6.050000000000001,1016.3833333333333,0.3541666666666667,0.19999999999999998,3,0.2750676591158512,1.5826694119699083,-0.2679908705172827,1.7271221749417365,0.4350570776033633,-0.959387123686371,0.3127406550291833
2019-10-08,13876.291666666666,7.333333333333333,4.416666666666667,6.054166666666667,1006.5166666666668,0.029166666666666664,0.0,3,1.8007305458684748,-0.08437785579365346,-0.016738369980065445,-0.2539360608061048,-0.5345670890449555,-0.017954137533021025,-0.037569235910153084
2019-10-09,15711.5,5.791666666666667,3.7916666666666665,11.591666666666667,1003.8583333333335,0.0,0.29583333333333334,3,0.14834052779596285,0.23520587841291263,-0.00744243832622276,-1.0535127595246476,-0.1922547571440468,-0.09113174832755658,0.3941452961163511
2019-10-10,16094.375,6.166666666666667,3.3333333333333335,10.299999999999999,1004.6,0.2833333333333334,0.029166666666666664,3,1.1780234757318269,1.814114098388694,0.029737393100365734,0.4434852989051209,0.17411614275881143,-0.6138867610493699,-0.35006316506062507
2019-10-11,20000.0,6.291666666666667,4.958333333333333,11.55833333333333,1008.529166666667,0.0,0.10416666666666667,3,0.4365919511790462,-0.024546522000187376,0.9156746273124385,-0.2927576909689145,-1.0626008686233268,-0.03859452069207755,-0.18041865339720783
2019-10-12,18506.75,7.458333333333333,4.125,13.333333333333334,1006.375,0.05833333333333333,0.0,3,1.0524243790212808,0.7767955011802944,0.40014229212211083,-0.2766131546509275,-1.2881887421548839,-0.006125011571157136,-0.276851866241404
2019-10-13,18178.333333333332,6.25,2.875,13.44166666666667,1012.2374999999998,0.03333333333333333,0.08333333333333333,3,0.17957964439566332,0.5994518606989486,-0.49560856620503524,-0.11924029931516757,-1.1570767284931383,-0.2468176303288967,-0.332940886785877
2019-10-14,18665.458333333332,3.5833333333333335,4.0,16.275000000000002,1012.5458333333331,0.08333333333333333,0.3833333333333333,3,-1.3219389087928088,0.513792884911093,0.3377363019431857,-0.22263269714330242,0.16196759359265042,0.05969764253430683,-0.11311827052976217
2019-10-15,11730.583333333334,3.1666666666666665,3.5416666666666665,13.420833333333333,1010.8666666666667,0.0,0.3416666666666666,3,-0.6694925778568404,-0.16450346782337003,-0.7251939669207758,-0.849452950170332,0.8015790914028199,0.34909195147236505,-0.3073704155086236
2019-10-16,11120.958333333334,4.625,4.375,13.054166666666665,1004.8916666666668,0.016666666666666666,0.23750000000000002,3,0.357497434133409,0.0557317043396591,-0.17594264016491465,-1.0767196922492288,0.6116383291163342,0.5619287483123471,-0.24570758491900485
2019-10-17,16767.208333333332,6.208333333333333,3.9583333333333335,13.133333333333333,1011.529166666667,0.25,0.20000000000000004,3,0.32676683089145503,1.4799973754188902,0.23732563013744698,0.6717156451620894,0.082518656646123,0.08614469014183176,0.139653394729082
2019-10-18,10833.75,6.333333333333333,3.4583333333333335,12.616666666666667,1010.9375,0.125,0.12083333333333333,3,0.9272000526775831,0.8020039396800704,-0.8248443128532869,-0.05595015807401742,0.15787046825935852,0.5688441077012609,-0.1447702650612604
2019-10-19,16083.166666666666,6.541666666666667,2.4166666666666665,11.608333333333334,1011.6249999999999,0.004166666666666667,0.09999999999999999,3,0.4151058801787911,0.41956224286355526,-1.002557898018092,-0.3259226560327716,-1.0461728277183462,-0.27850178256149916,-0.11847653770018798
2019-10-20,5081.416666666667,5.916666666666667,2.875,12.012500000000001,1012.3249999999999,0.0,0.03333333333333333,3,1.3310703187949988,0.01933571221507226,-1.9656917559018923,-0.6340532160315743,0.29702493015013554,0.9979661753384398,-0.6173314751692041
2019-10-21,1908.5833333333333,6.041666666666667,1.75,11.825000000000001,1017.3583333333335,0.0,0.1708333333333333,3,0.9486095220818128,0.0334072232593964,-3.064447448522082,-0.5189651245099407,0.6120242419392231,1.215443561817026,-0.0790647285378089
2019-10-22,10964.625,5.5,2.0416666666666665,13.312499999999998,1020.6374999999999,0.0,0.2125,3,-0.18147784249579807,0.0910445457534608,-1.9983252587354583,-0.027227811165362263,-0.3017649033806702,0.5283849783161831,-0.12054665988753666
2019-10-23,14265.791666666666,3.0833333333333335,2.2083333333333335,10.370833333333335,1020.7666666666665,0.0,0.25833333333333336,3,-0.9883366822418149,-0.35751803801790627,-1.516479306505497,0.11421602127160543,0.14995563522197972,-0.29204963495743724,-0.5149427649210843
2019-10-24,4265.125,4.458333333333333,3.625,10.525,1013.6833333333335,0.0,0.13333333333333333,3,0.8919451629793493,-0.4799473968280375,-1.6481134535614959,-0.5733655844513952,1.0502862537440991,1.1045900438258212,-0.6234120442707897
2019-10-25,11007.416666666666,6.791666666666667,2.8333333333333335,13.68333333333333,1015.0916666666667,0.0,0.17500000000000002,3,0.49556062598644374,0.26047967845594616,-1.415925277607502,-0.3555991837039839,-0.5140375166956623,0.7528695620348669,0.10606214964232737
2019-10-26,18416.416666666668,6.875,4.541666666666667,12.666666666666666,1013.0791666666669,0.0,0.22916666666666666,3,0.10345577535975757,0.02185597100054817,0.39025746885906343,-0.13983548416451766,-1.0195420443980086,0.3738592100614669,0.3888086617059189
2019-10-27,19447.291666666668,6.125,5.125,10.970833333333333,1009.1083333333331,0.0,0.0,3,0.7570072029687333,-0.143316613142959,0.9129539581622387,-0.157758825319031,-1.0870830544187995,-0.018589899319650265,-0.5955093344615994
2019-10-28,19800.583333333332,4.583333333333333,4.125,7.404166666666665,1013.6166666666664,0.008333333333333333,0.1375,3,-0.09219910739216469,-0.4464001582223029,0.3034786427181516,0.16367465870650755,-0.5654788937987535,-0.6499680213401097,-0.38025076711478595
2019-10-29,18562.75,4.958333333333333,3.875,6.645833333333333,1020.8291666666668,0.0625,0.2291666666666667,3,-0.33123122778574543,-0.3797714968565104,-0.12358525358337001,0.8677326679359165,-0.3439786298934473,-0.3611937558195573,0.08933035760842174
2019-10-30,18841.458333333332,4.75,3.5416666666666665,4.916666666666667,1027.0624999999998,0.008333333333333333,0.13333333333333333,3,-0.34386478352256267,-0.9316728838834477,-0.5516228520873423,1.254785148894345,-0.7545955657063425,-0.4488383412888505,-0.2810065623303711
2019-10-31,19142.083333333332,4.875,4.166666666666667,3.9999999999999996,1024.0458333333331,0.0,0.15,3,-0.16324664171958117,-1.0677868191758806,-0.09686027552523666,1.0603589577260282,-0.6565495424249622,-0.439174520403196,-0.14405899656676135
2019-11-01,15254.833333333334,6.625,4.625,4.6499999999999995,1016.5,0.0,0.15416666666666667,3,0.8395637772881169,-0.7726137016908163,-0.06273616621729862,0.3845817577633014,-0.4848472847558107,0.12722044118702763,0.3516723798733109
2019-11-02,6515.916666666667,7.791666666666667,6.583333333333333,6.341666666666666,996.2249999999998,0.15833333333333333,0.0,3,3.206434068342185,0.378588720350962,0.8359661754050701,-0.641857116367214,1.0829353141876334,1.0794797655514046,0.09128454987084371
2019-11-03,5530.541666666667,7.541666666666667,3.5833333333333335,9.270833333333334,992.4249999999998,0.008333333333333333,0.004166666666666667,3,2.6833251577762955,0.5330361285322182,-0.9567292365141968,-1.9221168102061517,0.36899656172442374,0.42953963535090656,-0.0832200173862357
2019-11-04,7014.25,7.791666666666667,2.5833333333333335,10.504166666666668,988.4416666666667,0.5041666666666667,0.0,3,3.0183296566379463,3.6992131840155884,-0.6496306797747248,-0.20885367767210974,1.7006505522659146,-0.3908226954699151,0.0834808892413666
2019-11-05,15846.125,5.916666666666667,3.5,8.270833333333334,991.8041666666668,0.012500000000000002,0.0,3,1.5362913393500945,0.5570485996598653,0.16340010133719832,-1.6006665835665241,-0.34358554190665,-1.00848543414651,-0.47989403479145964
2019-11-06,19607.166666666668,6.958333333333333,2.9166666666666665,6.629166666666666,996.4333333333335,0.016666666666666666,0.0,3,1.3612497156322814,0.6276132507264208,0.0842649521043012,-1.0261901929387676,-1.1442251516390494,-1.4430101702083546,-0.09993806968974533
2019-11-07,6871.125,6.291666666666667,2.0833333333333335,5.829166666666667,1005.1083333333335,0.0,0.05833333333333333,3,1.6994036380800546,0.05509741543080006,-2.022637562318492,-0.9556891516723517,0.2883304331132129,-0.1539452044135217,-0.11656674128748126
2019-11-08,5699.0,4.5,3.5,5.404166666666668,1010.0250000000001,0.0,0.2916666666666667,3,0.7461377976908163,-0.685179432929663,-1.4527049371219447,-0.7400517758626814,1.3537900863333723,0.42572267432651945,0.2088146174306668
2019-11-09,4927.291666666667,7.75,3.6666666666666665,7.358333333333334,1005.2750000000001,0.07083333333333333,0.0,3,2.5368524461506508,0.3069885588326571,-1.3135851621507013,-0.581745185007145,0.41144593607768615,0.7910328547178606,0.01533205761125602
2019-11-10,17030.125,5.083333333333333,3.2916666666666665,6.741666666666667,1010.9833333333332,0.0,0.2333333333333333,3,0.008861687776082807,-0.278021437379693,-0.3817065242495443,-0.263367733380791,-0.28643133084124833,-0.6568138850210089,0.15178638447971116
2019-11-11,8294.5,6.291666666666667,3.5833333333333335,3.35,1013.5833333333335,0.0,0.0,3,1.779556064082166,-0.7014153479766432,-1.326144203021684,-2.9343593303049177e-05,0.13881734428160122,0.23041414244741637,-0.2671781812491753
2019-11-12,5854.708333333333,7.291666666666667,4.041666666666667,5.108333333333333,1008.5083333333336,0.016666666666666666,0.0,3,2.363642581257645,-0.36607712519634955,-1.1723500178818187,-0.4237432330396625,0.3053896420086542,0.7156760771859956,-0.04768195677375392
2019-11-13,4197.541666666667,8.0,2.25,7.345833333333334,1001.8958333333334,0.45,0.0,3,2.9338402007574307,2.7843262485807956,-1.6351003165194489,0.6304287417882654,1.5929703588892064,0.07552195767302683,0.21331864346265184
2019-11-14,12087.666666666666,5.958333333333333,3.7083333333333335,4.645833333333333,1011.0166666666665,0.46249999999999997,0.1125,3,1.5230569668195684,1.966790462434833,-0.20189697706163895,1.7286493057493895,1.5375089372248285,-0.4309130013746552,0.1421842676265899
2019-11-15,13932.541666666666,7.416666666666667,4.083333333333333,6.754166666666666,1014.9416666666667,0.004166666666666667,0.0,3,1.4348145883746801,-0.3555487234824119,-0.4793122014377984,0.2599124048483552,-0.8772051176404465,0.2521356824436952,-0.07115682697128628
2019-11-16,7911.0,7.0,5.416666666666667,9.008333333333335,1010.15,0.0,0.012499999999999999,3,1.9731005234618897,-0.5248365899986073,-0.23381708756524983,-0.37334395469201115,0.11179485616028689,1.2908003137290505,-0.26808478642565076
2019-11-17,11427.291666666666,5.75,2.7916666666666665,7.0125,1016.8791666666666,0.0,0.09583333333333334,3,0.7254733335027164,-0.3671654521915833,-1.4779397215047392,0.08567782081023943,-0.21827718326890758,0.040463054565842316,-0.21069482048820676
2019-11-18,7857.291666666667,6.791666666666667,4.875,8.687500000000002,1011.2874999999999,0.0,0.016666666666666666,3,1.8292361881488883,-0.4869024891306682,-0.5697943979842852,-0.31799217300848537,0.10175091476225821,1.1157180999716882,-0.29637892727272164
2019-11-19,9828.25,4.583333333333333,4.583333333333333,6.374999999999999,1017.5791666666669,0.024999999999999998,0.23750000000000002,3,0.42996608987506135,-0.870923976917386,-0.6170864634973854,0.1822713493684991,0.808211806203558,0.6408409753201589,-0.021642029292596676
2019-11-20,9338.791666666666,7.125,4.291666666666667,6.783333333333335,1021.0958333333333,0.0,0.0,3,1.545971296574716,-0.7445983000198211,-1.0506490718616996,0.5661093249289947,-0.38090063831252674,0.9929902241771197,-0.19842092675926828
2019-11-21,19427.25,7.875,8.0,7.262499999999999,1018.3124999999999,0.0,0.0,3,1.434834497657347,-1.1692706004537505,2.157089595540494,0.9502086057949701,-1.24585710066747,1.1130290374879326,0.002169142210574175
2019-11-22,16554.583333333332,7.875,8.375,3.8958333333333335,1018.1041666666669,0.024999999999999998,0.0,3,1.9258170883405166,-1.4140844549345384,2.0689589351592885,1.0915206147890515,-0.6644154742854398,1.2320347552079087,0.13453682027114805
2019-11-23,17374.625,5.75,5.625,0.65,1018.0958333333333,0.0,0.15833333333333335,3,0.7311840017723855,-1.3890519075115242,0.6633213131042668,0.7750476973075342,-0.2598187522100697,-0.16974588280252875,0.2736649473384737
2019-11-24,9204.75,7.916666666666667,5.375,0.9875000000000002,1017.125,0.0,0.0,3,2.3357348065413888,-1.198442387368325,-0.39371600271613977,0.569524954444634,-0.1632595047403757,0.8217458908655347,0.27260593325054294
2019-11-25,3633.9583333333335,8.0,4.708333333333333,0.27499999999999997,1015.7833333333333,0.0,0.0,3,2.8069911250722814,-1.1603935159451668,-1.328497811236506,0.25314181422162213,0.4246047368498978,1.1117059392624045,0.3161872608414593
2019-11-26,2183.25,8.0,5.458333333333333,1.6041666666666667,1010.4541666666668,0.0,0.0,3,3.117908909524715,-1.0891440243219221,-0.9021566288933498,-0.2210470495811345,0.7422773563574705,1.4264236262613024,0.26135539702534677
2019-11-27,3962.25,7.958333333333333,5.5,4.075,1001.3124999999999,0.0,0.0,3,3.1380667579356123,-0.5925972853167343,-0.39147646886848014,-0.9715689965345148,0.6469950629504153,1.1307210081269827,0.1804021122253912
2019-11-28,11000.708333333334,6.958333333333333,6.375,7.220833333333331,992.2125000000001,0.004166666666666667,0.05416666666666666,3,2.41780978250905,-0.21330224880453766,1.1814701272941859,-1.5588907515473522,0.37702192772141935,0.49327112502698517,0.006570103242159692
2019-11-29,18624.583333333332,6.666666666666667,6.708333333333333,5.862499999999997,992.7708333333334,0.020833333333333332,0.075,3,1.7890075938675978,-0.19442684795746204,2.1945228854957444,-1.1248142830131878,-0.2576765237150773,-0.34955500515915655,0.08643180394152335
2019-11-30,17350.75,3.0416666666666665,4.666666666666667,2.3208333333333333,1013.4499999999998,0.08333333333333333,0.2833333333333333,3,-0.25482557260736854,-0.7525852632155392,0.4520595720403312,0.4486634533268599,0.8494139700239245,-0.8310101244467186,-0.06915255505832034
2019-12-01,15916.541666666666,5.5,4.125,0.7541666666666665,1018.3875000000003,0.0,0.13333333333333333,4,0.658372298130902,-1.1082669454085263,-0.32772737601615737,0.6568650477147162,-0.2587993460817816,-0.50633586514098,0.11631476941561447
2019-12-02,18101.541666666668,5.958333333333333,4.708333333333333,2.0208333333333335,1012.5541666666667,0.0375,0.012500000000000002,4,1.153169120901457,-0.6544492034463663,0.43149958457594534,0.5291248059948572,-0.5515345665380761,-0.6733093263107394,-0.22192351127358312
2019-12-03,17574.041666666668,4.166666666666667,3.9166666666666665,0.9499999999999998,1019.9958333333335,0.0,0.22916666666666666,4,-0.15404170616572552,-1.215321753569138,-0.27082003672779603,0.705080430314151,-0.01122216213249881,-0.8015911452626239,0.0815537345939554
2019-12-04,14457.083333333334,8.0,3.9583333333333335,4.9125000000000005,1017.6791666666668,0.029166666666666664,0.0,4,1.5541624115902328,-0.3427025679112272,-0.5673885341551734,0.6805331308428535,-1.0135119939656625,0.15353285220669782,0.17691185007410726
2019-12-05,11419.625,3.9583333333333335,4.375,2.9541666666666675,1015.7333333333331,0.0,0.24166666666666667,4,0.3406717343899794,-1.18180594307359,-0.5378595272545635,0.08604218085313305,0.8422700946552016,-0.0027207964866496565,-0.03474046721835966
2019-12-06,8438.75,6.5,6.083333333333333,1.5791666666666666,1005.2666666666665,0.0,0.012499999999999999,4,2.461984447682205,-1.0978506635200869,0.30877786866185153,-0.42200077329169206,0.6187027913261228,0.5909258592381009,-0.09112478790865791
2019-12-07,14492.5,6.833333333333333,5.625,5.154166666666666,998.7874999999998,0.041666666666666664,0.0,4,2.0922868050986434,-0.14429205305308287,0.9710362931570428,-0.6903556967922124,-0.09964380992222348,-0.12051949276574181,-0.1296881183435547
2019-12-08,19328.458333333332,6.75,5.958333333333333,6.8,998.1583333333334,0.0,0.0,4,1.6171462422977738,-0.21511700811230475,1.6602589718122966,-0.7873485838925794,-0.777552319942022,-0.39889619705510804,-0.21630669273251868
2019-12-09,19161.333333333332,4.833333333333333,4.666666666666667,5.9875,996.9125,0.004166666666666667,0.17083333333333336,4,0.6270233276506761,-0.14252232545701635,1.0331619470798252,-1.1181346006836856,-0.07760566345501013,-1.06738647397291,-0.08387060296211146
2019-12-10,14596.541666666666,4.458333333333333,4.875,1.8375000000000001,1012.8000000000002,0.15,0.008333333333333333,4,1.1970751984689605,-0.3369792494968446,0.2921415686353995,0.8684807109201808,0.6424477578449551,-0.5169110658431653,-0.6510813517952949
2019-12-11,10334.958333333334,3.0833333333333335,6.916666666666667,-0.8999999999999999,1014.2958333333332,0.0,0.12083333333333335,4,1.1088843294543684,-2.089321818192238,0.7631418012370869,0.3144664501270033,1.4862784400301374,0.38179430613644555,-0.6045665996910617
2019-12-12,7109.125,6.083333333333333,6.0,-0.3791666666666668,1003.5958333333333,0.0,0.0,4,2.654080222114779,-1.2370734369732022,0.16519726949051966,-0.53323748194349,0.9530294398924163,0.4285914219278319,-0.17475409858638422
2019-12-13,9458.083333333334,7.583333333333333,5.625,1.7166666666666668,992.1458333333335,0.07916666666666668,0.0,4,3.1258796657853343,0.0009746158934902974,0.6398592149820042,-1.0774567613207675,0.655878595835607,-0.03542660465432798,0.24151933819205
2019-12-14,10701.291666666666,7.5,5.958333333333333,3.1625,988.9708333333334,0.0,0.0,4,3.0018679021642978,-0.27601905556406386,0.9734811157576317,-1.6516944047172533,0.32245382273999407,-0.009926245863998127,0.14646871818887358
2019-12-15,19542.541666666668,5.208333333333333,5.625,4.058333333333334,997.745833333333,0.020833333333333332,0.049999999999999996,4,1.2273721426964685,-0.37712745650285207,1.5585632373543166,-0.7269137063038724,-0.1840405115984713,-0.9535095736451847,-0.3499572693349408
2019-12-16,16513.875,5.25,4.291666666666667,4.233333333333333,1008.1750000000002,0.0,0.041666666666666664,4,0.9667280856240524,-0.5701825526632381,0.15131619538906302,-0.18665607239219004,-0.3038395168598642,-0.6524963260024974,-0.40965543707310903
2019-12-17,4629.125,7.333333333333333,4.041666666666667,4.845833333333332,1006.7291666666665,0.008333333333333333,0.025000000000000005,4,2.470622847135476,-0.39476425720126607,-1.2583913778593827,-0.6500071109986721,0.49020955588200643,0.7834047077697763,0.06616784672310085
2019-12-18,15008.166666666666,4.875,4.541666666666667,5.666666666666667,1011.4083333333334,0.0,0.17083333333333336,4,0.4860037951266298,-0.7075178363522665,0.061922269975264344,-0.1375736836863061,0.08742789136695092,-0.17449209312575037,-0.11979612745268323
2019-12-19,5440.208333333333,5.541666666666667,3.1666666666666665,0.5208333333333334,1020.6791666666668,0.004166666666666667,0.0,4,1.6970348546377731,-1.1568735712107703,-2.0792346607091705,0.5336485752131679,0.5878977521571715,0.3216072565486342,-0.3924287428566765
2019-12-20,11244.333333333334,2.875,5.583333333333333,5.1291666666666655,1001.2874999999999,0.0,0.1708333333333333,4,0.7877185581115427,-0.9407315439935949,0.5723247931065918,-1.0423340459461437,1.3958400832894189,-0.09079068236859289,-0.6728819426793203
2019-12-21,5465.375,4.416666666666667,3.0416666666666665,4.083333333333334,991.6374999999999,0.18333333333333335,0.012499999999999999,4,2.297830891069595,0.9117715373832963,-1.0041689586392142,-1.1915644977220137,1.933105156135846,-0.6955507757235624,-0.6827717491460853
2019-12-22,6687.041666666667,7.666666666666667,3.0833333333333335,4.554166666666666,991.5541666666668,0.008333333333333333,0.0,4,2.8626172925176068,0.36798907483677396,-1.1085988490122243,-1.7907908282572675,0.31508958470505455,-0.2613334855530369,0.14971887802456382
2019-12-23,10907.625,7.833333333333333,3.4583333333333335,6.058333333333334,997.3916666666665,0.020833333333333332,0.0,4,2.343395243698311,0.3741311001614253,-0.6045409340278693,-1.1583349804994425,-0.2930633693204466,-0.2529506703643451,0.13260339038296107
2019-12-24,15166.875,6.375,2.6666666666666665,5.7749999999999995,1006.2499999999999,0.004166666666666667,0.1625,4,0.8095159722032185,0.07271614253623393,-0.8181198296523687,-0.591616333636904,-0.46133281827370765,-0.7725069848238143,0.3197776547412872
2019-12-25,8656.75,6.875,1.6666666666666667,4.2,1010.4875000000001,0.020833333333333332,0.0,4,1.737869333862003,0.07121796805599047,-2.2286046725152198,-0.2817283184044941,-0.19274582918204364,-0.38926316456436943,-0.09370671391211814
2019-12-26,17886.458333333332,6.833333333333333,3.1666666666666665,3.9916666666666676,1016.5291666666667,0.016666666666666666,0.008333333333333333,4,0.9516512962634364,-0.3175023193646068,-0.5923904330515605,0.6015159576205937,-1.1711701164467538,-0.7098870888338372,-0.06660101434252615
2019-12-27,16893.833333333332,6.625,5.25,3.3666666666666667,1023.6583333333334,0.28750000000000003,0.024999999999999998,4,1.2210874307996527,0.35309830973301,0.5434747519365417,2.3995173914089496,0.07162879364086089,0.041645247600308,-0.019640441452467922
2019-12-28,19227.666666666668,6.5,7.041666666666667,2.3000000000000003,1035.3791666666668,0.05416666666666667,0.0,4,0.749617135710858,-1.7240772370263122,1.1452953470397276,2.6003350441694035,-0.9569461181271812,0.8101627564171145,-0.21396204281898895
2019-12-29,19928.958333333332,6.666666666666667,4.25,1.758333333333334,1034.9916666666666,0.0,0.05416666666666667,4,0.24556090642745962,-1.3889832733440524,-0.36284049444925726,2.172541638390659,-1.4971686168682479,-0.11943546857410166,0.08219942903814255
2019-12-30,20000.0,6.333333333333333,5.375,3.9250000000000007,1019.25,0.0,0.0,4,0.8459594296562978,-1.0049140049570837,0.7565771392526208,0.9566423923683408,-1.1294717172626303,-0.20695710110313498,-0.2709458630846167
2019-12-31,20000.0,4.166666666666667,6.916666666666667,6.129166666666666,1015.8333333333334,0.0,0.08750000000000001,4,0.251099122136242,-1.3173033740157751,1.7762515650007953,0.5654818021910925,-0.23869847217181506,0.1096219773844367,-0.6752683183554623
